visit_id,property_id,visit_date,client_id,description,1,1.1,4/4/2023,1.2,error: undefined method `first' for nil:NilClass,6/19/2021
1.0,110.0,2019-03-14,316.0,Moderately Interested in Rent,,,,,,
2.0,61.0,2022-04-22,258.0,Moderately Interested in Purchase,,,,,,
3.0,3.0,2021-12-16,185.0,Moderately Interested in Purchase,,,,,,
4.0,683.0,2019-08-10,762.0,Not Interested in Property,,,,,,
5.0,728.0,2022-05-09,534.0,Highly Interested in Rent,,,,,,
6.0,940.0,2021-10-26,922.0,Highly Interested in Rent,,,,,,
7.0,796.0,2021-04-17,957.0,Requires Significant Changes or Renovations,,,,,,
8.0,411.0,2019-09-20,861.0,Interested but Price is a Concern,,,,,,
9.0,185.0,2022-12-29,469.0,Highly Interested in Rent,,,,,,
10.0,92.0,2023-09-15,372.0,Requires Significant Changes or Renovations,,,,,,
11.0,646.0,2023-06-24,949.0,Interested but Price is a Concern,,,,,,
12.0,806.0,2021-11-03,991.0,Requires Significant Changes or Renovations,,,,,,
13.0,923.0,2024-01-25,3.0,Highly Interested in Purchase,,,,,,
14.0,334.0,2020-03-12,570.0,Waiting on External Factors,,,,,,
15.0,438.0,2020-10-14,990.0,Highly Interested in Rent,,,,,,
16.0,405.0,2020-08-01,886.0,Waiting on External Factors,,,,,,
17.0,373.0,2021-07-26,38.0,Interested but Price is a Concern,,,,,,
18.0,865.0,2023-03-04,250.0,Interested in a Different Type of Property,,,,,,
19.0,928.0,2022-08-01,759.0,Requires Significant Changes or Renovations,,,,,,
20.0,367.0,2022-08-11,498.0,Not Interested in Property,,,,,,
21.0,555.0,2020-04-23,567.0,Waiting on External Factors,,,,,,
22.0,606.0,2019-03-17,347.0,Highly Interested in Purchase,,,,,,
23.0,899.0,2023-09-27,355.0,Moderately Interested in Purchase,,,,,,
24.0,488.0,2021-03-23,177.0,Moderately Interested in Purchase,,,,,,
25.0,941.0,2022-05-10,568.0,Requires Significant Changes or Renovations,,,,,,
26.0,779.0,2021-12-21,583.0,Interested but Needs More Information,,,,,,
27.0,226.0,2019-05-20,36.0,Not Interested in Property,,,,,,
28.0,919.0,2019-11-22,580.0,Not Interested in Property,,,,,,
29.0,382.0,2019-11-25,212.0,Interested but Needs More Information,,,,,,
30.0,414.0,2023-08-02,199.0,Interested but Needs More Information,,,,,,
31.0,599.0,2022-05-09,695.0,Moderately Interested in Rent,,,,,,
32.0,691.0,2019-08-17,475.0,Moderately Interested in Purchase,,,,,,
33.0,136.0,2021-03-02,139.0,Interested but Price is a Concern,,,,,,
34.0,236.0,2019-03-18,512.0,Waiting on External Factors,,,,,,
35.0,825.0,2022-12-13,989.0,Interested but Needs More Information,,,,,,
36.0,10.0,2022-04-24,428.0,Highly Interested in Rent,,,,,,
37.0,553.0,2021-10-09,63.0,Waiting on External Factors,,,,,,
38.0,953.0,2019-11-13,91.0,Highly Interested in Rent,,,,,,
39.0,880.0,2019-08-15,834.0,Moderately Interested in Purchase,,,,,,
40.0,72.0,2022-11-30,829.0,Not Interested in Property,,,,,,
41.0,255.0,2022-07-26,459.0,Interested but Needs More Information,,,,,,
42.0,974.0,2021-05-04,476.0,Interested but Price is a Concern,,,,,,
43.0,13.0,2021-02-07,263.0,Interested but Price is a Concern,,,,,,
44.0,237.0,2019-09-16,429.0,Highly Interested in Rent,,,,,,
45.0,663.0,2021-11-01,590.0,Highly Interested in Rent,,,,,,
46.0,490.0,2020-11-25,716.0,Interested in a Different Type of Property,,,,,,
47.0,861.0,2019-12-12,532.0,Not Interested in Property,,,,,,
48.0,575.0,2021-06-26,10.0,Highly Interested in Rent,,,,,,
49.0,483.0,2023-04-09,668.0,Interested in a Different Type of Property,,,,,,
50.0,774.0,2021-05-17,600.0,Interested but Price is a Concern,,,,,,
51.0,753.0,2021-10-01,901.0,Interested but Price is a Concern,,,,,,
52.0,603.0,2022-10-10,20.0,Highly Interested in Purchase,,,,,,
53.0,659.0,2020-03-19,920.0,Interested but Price is a Concern,,,,,,
54.0,449.0,2021-04-20,591.0,Requires Significant Changes or Renovations,,,,,,
55.0,320.0,2023-05-05,573.0,Waiting on External Factors,,,,,,
56.0,200.0,2023-11-02,361.0,Highly Interested in Purchase,,,,,,
57.0,689.0,2023-02-07,456.0,Not Interested in Property,,,,,,
58.0,945.0,2019-12-25,592.0,Highly Interested in Purchase,,,,,,
59.0,827.0,2023-09-01,690.0,Interested but Needs More Information,,,,,,
60.0,478.0,2020-10-19,223.0,Interested in a Different Type of Property,,,,,,
61.0,482.0,2019-10-08,739.0,Highly Interested in Rent,,,,,,
62.0,701.0,2020-11-30,527.0,Moderately Interested in Purchase,,,,,,
63.0,564.0,2022-12-17,335.0,Moderately Interested in Rent,,,,,,
64.0,384.0,2021-08-11,755.0,Highly Interested in Rent,,,,,,
65.0,790.0,2023-12-07,231.0,Interested in a Different Type of Property,,,,,,
66.0,196.0,2022-02-17,409.0,Interested in a Different Type of Property,,,,,,
67.0,39.0,2023-08-03,578.0,Requires Significant Changes or Renovations,,,,,,
68.0,587.0,2021-11-02,988.0,Highly Interested in Rent,,,,,,
69.0,912.0,2019-11-14,961.0,Moderately Interested in Purchase,,,,,,
70.0,336.0,2022-03-21,155.0,Moderately Interested in Rent,,,,,,
71.0,378.0,2019-09-21,462.0,Moderately Interested in Rent,,,,,,
72.0,782.0,2022-10-17,249.0,Not Interested in Property,,,,,,
73.0,301.0,2019-09-14,82.0,Interested in a Different Type of Property,,,,,,
74.0,16.0,2023-02-07,857.0,Highly Interested in Rent,,,,,,
75.0,294.0,2020-06-29,49.0,Not Interested in Property,,,,,,
76.0,183.0,2021-03-23,700.0,Highly Interested in Rent,,,,,,
77.0,415.0,2021-04-09,224.0,Interested in a Different Type of Property,,,,,,
78.0,286.0,2020-03-12,31.0,Moderately Interested in Rent,,,,,,
79.0,435.0,2020-04-25,262.0,Interested but Needs More Information,,,,,,
80.0,394.0,2019-03-01,95.0,Interested but Needs More Information,,,,,,
81.0,990.0,2021-10-26,191.0,Waiting on External Factors,,,,,,
82.0,802.0,2021-12-30,55.0,Interested but Needs More Information,,,,,,
83.0,329.0,2023-12-08,790.0,Interested but Needs More Information,,,,,,
84.0,780.0,2023-07-20,774.0,Interested but Needs More Information,,,,,,
85.0,32.0,2020-11-20,815.0,Moderately Interested in Purchase,,,,,,
86.0,376.0,2021-03-04,889.0,Highly Interested in Purchase,,,,,,
87.0,817.0,2019-05-11,388.0,Interested but Needs More Information,,,,,,
88.0,503.0,2021-08-03,610.0,Interested in a Different Type of Property,,,,,,
89.0,738.0,2020-06-19,288.0,Requires Significant Changes or Renovations,,,,,,
90.0,667.0,2020-04-08,862.0,Interested but Price is a Concern,,,,,,
91.0,674.0,2020-03-05,702.0,Highly Interested in Purchase,,,,,,
92.0,737.0,2020-06-19,156.0,Not Interested in Property,,,,,,
93.0,353.0,2022-12-10,846.0,Highly Interested in Rent,,,,,,
94.0,579.0,2023-04-05,266.0,Interested in a Different Type of Property,,,,,,
95.0,686.0,2020-09-11,832.0,Highly Interested in Rent,,,,,,
96.0,803.0,2020-01-31,724.0,Requires Significant Changes or Renovations,,,,,,
97.0,141.0,2022-06-22,612.0,Waiting on External Factors,,,,,,
98.0,619.0,2020-12-29,660.0,Highly Interested in Rent,,,,,,
99.0,304.0,2020-04-23,492.0,Interested in a Different Type of Property,,,,,,
100.0,409.0,2019-07-19,430.0,Moderately Interested in Purchase,,,,,,
101.0,618.0,2020-12-18,18.0,Moderately Interested in Rent,,,,,,
102.0,989.0,2021-10-31,398.0,Interested but Price is a Concern,,,,,,
103.0,612.0,2022-05-14,883.0,Interested but Needs More Information,,,,,,
104.0,290.0,2019-10-01,796.0,Interested in a Different Type of Property,,,,,,
105.0,961.0,2022-06-14,509.0,Not Interested in Property,,,,,,
106.0,584.0,2020-03-06,859.0,Highly Interested in Purchase,,,,,,
107.0,90.0,2021-10-23,873.0,Moderately Interested in Rent,,,,,,
108.0,498.0,2023-08-21,40.0,Interested in a Different Type of Property,,,,,,
109.0,303.0,2023-05-04,564.0,Moderately Interested in Purchase,,,,,,
110.0,755.0,2019-08-11,127.0,Waiting on External Factors,,,,,,
111.0,758.0,2022-04-10,854.0,Moderately Interested in Purchase,,,,,,
112.0,957.0,2019-07-30,735.0,Highly Interested in Purchase,,,,,,
113.0,970.0,2019-03-26,396.0,Moderately Interested in Purchase,,,,,,
114.0,140.0,2022-10-17,969.0,Requires Significant Changes or Renovations,,,,,,
115.0,445.0,2020-01-24,730.0,Not Interested in Property,,,,,,
116.0,357.0,2019-12-17,368.0,Interested but Needs More Information,,,,,,
117.0,134.0,2022-05-17,189.0,Interested but Price is a Concern,,,,,,
118.0,905.0,2020-07-28,874.0,Moderately Interested in Rent,,,,,,
119.0,363.0,2019-04-17,805.0,Not Interested in Property,,,,,,
120.0,727.0,2021-07-08,176.0,Interested but Price is a Concern,,,,,,
121.0,323.0,2022-09-24,334.0,Requires Significant Changes or Renovations,,,,,,
122.0,720.0,2021-02-22,291.0,Interested but Needs More Information,,,,,,
123.0,684.0,2019-12-09,997.0,Moderately Interested in Rent,,,,,,
124.0,209.0,2021-05-24,552.0,Interested but Price is a Concern,,,,,,
125.0,597.0,2021-09-16,539.0,Requires Significant Changes or Renovations,,,,,,
126.0,641.0,2021-09-25,619.0,Moderately Interested in Rent,,,,,,
127.0,231.0,2022-11-12,876.0,Moderately Interested in Purchase,,,,,,
128.0,299.0,2022-08-19,741.0,Moderately Interested in Rent,,,,,,
129.0,965.0,2019-07-31,68.0,Not Interested in Property,,,,,,
130.0,246.0,2023-06-03,190.0,Moderately Interested in Purchase,,,,,,
131.0,903.0,2021-03-09,644.0,Moderately Interested in Rent,,,,,,
132.0,931.0,2023-07-14,342.0,Interested in a Different Type of Property,,,,,,
133.0,590.0,2020-07-14,935.0,Moderately Interested in Purchase,,,,,,
134.0,491.0,2023-12-11,229.0,Waiting on External Factors,,,,,,
135.0,681.0,2021-11-03,685.0,Not Interested in Property,,,,,,
136.0,886.0,2023-06-05,69.0,Interested but Needs More Information,,,,,,
137.0,239.0,2022-06-20,140.0,Interested in a Different Type of Property,,,,,,
138.0,205.0,2020-10-08,778.0,Interested but Price is a Concern,,,,,,
139.0,142.0,2021-01-04,80.0,Moderately Interested in Rent,,,,,,
140.0,66.0,2019-09-11,431.0,Moderately Interested in Purchase,,,,,,
141.0,626.0,2022-09-21,515.0,Interested but Price is a Concern,,,,,,
142.0,604.0,2023-04-27,554.0,Not Interested in Property,,,,,,
143.0,349.0,2020-12-17,162.0,Waiting on External Factors,,,,,,
144.0,651.0,2021-07-06,390.0,Interested in a Different Type of Property,,,,,,
145.0,904.0,2020-01-26,446.0,Moderately Interested in Purchase,,,,,,
146.0,465.0,2020-06-10,449.0,Interested in a Different Type of Property,,,,,,
147.0,22.0,2022-06-19,239.0,Requires Significant Changes or Renovations,,,,,,
148.0,235.0,2020-05-18,157.0,Interested but Needs More Information,,,,,,
149.0,799.0,2021-07-11,892.0,Interested but Needs More Information,,,,,,
150.0,655.0,2022-07-21,479.0,Waiting on External Factors,,,,,,
151.0,954.0,2019-10-12,627.0,Requires Significant Changes or Renovations,,,,,,
152.0,198.0,2021-10-03,137.0,Moderately Interested in Purchase,,,,,,
153.0,773.0,2021-12-23,349.0,Interested in a Different Type of Property,,,,,,
154.0,991.0,2019-02-24,750.0,Interested in a Different Type of Property,,,,,,
155.0,857.0,2023-10-14,389.0,Interested but Price is a Concern,,,,,,
156.0,400.0,2021-07-31,124.0,Highly Interested in Purchase,,,,,,
157.0,43.0,2023-09-04,470.0,Highly Interested in Rent,,,,,,
158.0,228.0,2020-02-16,484.0,Requires Significant Changes or Renovations,,,,,,
159.0,471.0,2021-07-28,354.0,Interested in a Different Type of Property,,,,,,
160.0,522.0,2023-11-14,301.0,Waiting on External Factors,,,,,,
161.0,506.0,2020-11-12,119.0,Waiting on External Factors,,,,,,
162.0,642.0,2019-08-21,437.0,Highly Interested in Purchase,,,,,,
163.0,671.0,2020-03-25,305.0,Interested but Price is a Concern,,,,,,
164.0,52.0,2022-04-16,611.0,Waiting on External Factors,,,,,,
165.0,673.0,2023-10-27,295.0,Interested in a Different Type of Property,,,,,,
166.0,538.0,2022-01-28,838.0,Waiting on External Factors,,,,,,
167.0,94.0,2020-07-13,836.0,Requires Significant Changes or Renovations,,,,,,
168.0,139.0,2021-06-01,489.0,Not Interested in Property,,,,,,
169.0,509.0,2019-11-06,652.0,Moderately Interested in Rent,,,,,,
170.0,443.0,2023-03-25,914.0,Moderately Interested in Rent,,,,,,
171.0,586.0,2020-04-21,187.0,Highly Interested in Rent,,,,,,
172.0,578.0,2022-05-05,86.0,Interested in a Different Type of Property,,,,,,
173.0,122.0,2023-03-25,929.0,Interested in a Different Type of Property,,,,,,
174.0,195.0,2020-08-05,678.0,Not Interested in Property,,,,,,
175.0,546.0,2022-10-05,613.0,Requires Significant Changes or Renovations,,,,,,
176.0,346.0,2023-08-29,315.0,Requires Significant Changes or Renovations,,,,,,
177.0,853.0,2022-11-20,24.0,Interested in a Different Type of Property,,,,,,
178.0,364.0,2022-05-15,595.0,Interested but Needs More Information,,,,,,
179.0,713.0,2019-11-08,609.0,Requires Significant Changes or Renovations,,,,,,
180.0,344.0,2021-01-09,807.0,Moderately Interested in Purchase,,,,,,
181.0,543.0,2023-11-03,447.0,Not Interested in Property,,,,,,
182.0,456.0,2019-02-19,52.0,Not Interested in Property,,,,,,
183.0,273.0,2022-07-10,736.0,Highly Interested in Rent,,,,,,
184.0,843.0,2020-12-25,83.0,Interested but Price is a Concern,,,,,,
185.0,464.0,2020-12-12,219.0,Interested but Needs More Information,,,,,,
186.0,105.0,2020-12-03,951.0,Interested but Price is a Concern,,,,,,
187.0,88.0,2021-04-06,259.0,Interested but Price is a Concern,,,,,,
188.0,124.0,2021-02-28,722.0,Highly Interested in Purchase,,,,,,
189.0,552.0,2022-08-11,803.0,Moderately Interested in Rent,,,,,,
190.0,709.0,2023-08-24,624.0,Highly Interested in Rent,,,,,,
191.0,514.0,2019-05-10,808.0,Highly Interested in Purchase,,,,,,
192.0,191.0,2023-10-07,880.0,Moderately Interested in Rent,,,,,,
193.0,326.0,2022-12-15,221.0,Moderately Interested in Rent,,,,,,
194.0,455.0,2021-05-03,210.0,Interested in a Different Type of Property,,,,,,
195.0,433.0,2019-02-09,723.0,Waiting on External Factors,,,,,,
196.0,370.0,2023-05-03,434.0,Interested but Needs More Information,,,,,,
197.0,5.0,2019-08-22,204.0,Interested but Price is a Concern,,,,,,
198.0,392.0,2020-01-04,664.0,Moderately Interested in Purchase,,,,,,
199.0,600.0,2020-04-18,183.0,Interested but Needs More Information,,,,,,
200.0,390.0,2024-01-07,681.0,Moderately Interested in Purchase,,,,,,
201.0,274.0,2020-06-25,378.0,Moderately Interested in Rent,,,,,,
202.0,997.0,2023-02-03,801.0,Interested but Needs More Information,,,,,,
203.0,866.0,2020-07-21,88.0,Moderately Interested in Rent,,,,,,
204.0,232.0,2020-10-26,112.0,Requires Significant Changes or Renovations,,,,,,
205.0,878.0,2020-04-15,954.0,Interested but Needs More Information,,,,,,
206.0,832.0,2023-03-12,543.0,Not Interested in Property,,,,,,
207.0,634.0,2019-10-01,975.0,Not Interested in Property,,,,,,
208.0,272.0,2020-06-07,540.0,Highly Interested in Rent,,,,,,
209.0,703.0,2021-07-20,977.0,Moderately Interested in Rent,,,,,,
210.0,21.0,2020-01-18,233.0,Moderately Interested in Purchase,,,,,,
211.0,557.0,2022-06-08,201.0,Not Interested in Property,,,,,,
212.0,895.0,2022-09-17,120.0,Waiting on External Factors,,,,,,
213.0,968.0,2023-07-19,905.0,Not Interested in Property,,,,,,
214.0,789.0,2021-07-02,904.0,Requires Significant Changes or Renovations,,,,,,
215.0,283.0,2023-01-11,420.0,Waiting on External Factors,,,,,,
216.0,355.0,2022-12-18,887.0,Highly Interested in Rent,,,,,,
217.0,429.0,2020-10-23,364.0,Moderately Interested in Purchase,,,,,,
218.0,829.0,2023-03-23,451.0,Interested but Needs More Information,,,,,,
219.0,398.0,2020-02-26,675.0,Not Interested in Property,,,,,,
220.0,229.0,2022-01-17,330.0,Highly Interested in Rent,,,,,,
221.0,768.0,2021-01-31,64.0,Highly Interested in Purchase,,,,,,
222.0,685.0,2023-12-12,100.0,Highly Interested in Rent,,,,,,
223.0,992.0,2020-04-20,703.0,Moderately Interested in Purchase,,,,,,
224.0,574.0,2020-05-22,915.0,Highly Interested in Rent,,,,,,
225.0,495.0,2019-08-04,663.0,Moderately Interested in Rent,,,,,,
226.0,807.0,2022-01-14,284.0,Interested but Price is a Concern,,,,,,
227.0,163.0,2022-01-28,197.0,Interested in a Different Type of Property,,,,,,
228.0,396.0,2023-12-16,99.0,Moderately Interested in Rent,,,,,,
229.0,342.0,2021-05-14,676.0,Not Interested in Property,,,,,,
230.0,541.0,2020-12-02,161.0,Moderately Interested in Purchase,,,,,,
231.0,31.0,2020-02-22,537.0,Requires Significant Changes or Renovations,,,,,,
232.0,309.0,2019-06-22,579.0,Interested but Price is a Concern,,,,,,
233.0,116.0,2021-03-21,765.0,Interested but Needs More Information,,,,,,
234.0,795.0,2020-03-22,148.0,Waiting on External Factors,,,,,,
235.0,407.0,2020-04-26,180.0,Requires Significant Changes or Renovations,,,,,,
236.0,107.0,2020-07-23,625.0,Waiting on External Factors,,,,,,
237.0,816.0,2021-01-19,71.0,Moderately Interested in Purchase,,,,,,
238.0,80.0,2023-08-27,584.0,Interested in a Different Type of Property,,,,,,
239.0,786.0,2021-07-26,565.0,Highly Interested in Rent,,,,,,
240.0,444.0,2022-03-23,737.0,Highly Interested in Rent,,,,,,
241.0,581.0,2019-08-15,916.0,Interested but Price is a Concern,,,,,,
242.0,944.0,2022-04-21,353.0,Waiting on External Factors,,,,,,
243.0,976.0,2020-05-17,11.0,Interested but Needs More Information,,,,,,
244.0,275.0,2020-02-14,374.0,Highly Interested in Rent,,,,,,
245.0,929.0,2023-06-15,622.0,Moderately Interested in Purchase,,,,,,
246.0,936.0,2019-12-29,346.0,Highly Interested in Rent,,,,,,
247.0,766.0,2022-08-03,628.0,Waiting on External Factors,,,,,,
248.0,814.0,2023-11-04,359.0,Requires Significant Changes or Renovations,,,,,,
249.0,50.0,2022-03-14,440.0,Moderately Interested in Purchase,,,,,,
250.0,621.0,2023-03-17,60.0,Moderately Interested in Rent,,,,,,
251.0,366.0,2021-10-10,467.0,Requires Significant Changes or Renovations,,,,,,
252.0,993.0,2021-11-05,882.0,Requires Significant Changes or Renovations,,,,,,
253.0,481.0,2023-05-24,955.0,Interested in a Different Type of Property,,,,,,
254.0,836.0,2022-04-18,452.0,Interested but Needs More Information,,,,,,
255.0,678.0,2019-12-19,45.0,Interested but Price is a Concern,,,,,,
256.0,337.0,2021-10-29,97.0,Interested in a Different Type of Property,,,,,,
257.0,54.0,2023-11-07,597.0,Moderately Interested in Rent,,,,,,
258.0,368.0,2023-03-03,360.0,Moderately Interested in Purchase,,,,,,
259.0,665.0,2019-08-18,198.0,Moderately Interested in Purchase,,,,,,
260.0,531.0,2021-11-09,604.0,Interested but Price is a Concern,,,,,,
261.0,524.0,2019-05-05,327.0,Waiting on External Factors,,,,,,
262.0,153.0,2019-04-22,70.0,Interested but Price is a Concern,,,,,,
263.0,891.0,2020-04-16,375.0,Highly Interested in Purchase,,,,,,
264.0,809.0,2022-05-22,461.0,Moderately Interested in Rent,,,,,,
265.0,588.0,2023-10-11,168.0,Moderately Interested in Purchase,,,,,,
266.0,868.0,2023-05-30,455.0,Moderately Interested in Purchase,,,,,,
267.0,126.0,2023-12-28,117.0,Requires Significant Changes or Renovations,,,,,,
268.0,706.0,2019-05-14,538.0,Interested in a Different Type of Property,,,,,,
269.0,328.0,2020-02-26,8.0,Moderately Interested in Purchase,,,,,,
270.0,243.0,2020-07-26,442.0,Highly Interested in Purchase,,,,,,
271.0,486.0,2023-03-13,405.0,Highly Interested in Purchase,,,,,,
272.0,913.0,2020-08-01,950.0,Requires Significant Changes or Renovations,,,,,,
273.0,874.0,2023-04-16,826.0,Not Interested in Property,,,,,,
274.0,594.0,2019-09-12,225.0,Moderately Interested in Rent,,,,,,
275.0,194.0,2019-04-22,956.0,Moderately Interested in Rent,,,,,,
276.0,91.0,2021-02-25,934.0,Not Interested in Property,,,,,,
277.0,561.0,2020-08-26,504.0,Interested in a Different Type of Property,,,,,,
278.0,169.0,2021-09-17,994.0,Not Interested in Property,,,,,,
279.0,812.0,2022-03-10,984.0,Waiting on External Factors,,,,,,
280.0,560.0,2022-04-08,251.0,Interested but Needs More Information,,,,,,
281.0,811.0,2022-06-19,773.0,Moderately Interested in Purchase,,,,,,
282.0,74.0,2023-12-14,618.0,Requires Significant Changes or Renovations,,,,,,
283.0,979.0,2019-05-22,831.0,Moderately Interested in Purchase,,,,,,
284.0,55.0,2022-11-08,42.0,Requires Significant Changes or Renovations,,,,,,
285.0,440.0,2023-08-16,134.0,Interested but Price is a Concern,,,,,,
286.0,823.0,2023-11-30,264.0,Interested but Needs More Information,,,,,,
287.0,93.0,2022-11-16,384.0,Not Interested in Property,,,,,,
288.0,534.0,2019-06-04,941.0,Highly Interested in Purchase,,,,,,
289.0,648.0,2023-09-07,993.0,Highly Interested in Purchase,,,,,,
290.0,182.0,2022-08-14,864.0,Highly Interested in Rent,,,,,,
291.0,253.0,2020-03-12,784.0,Moderately Interested in Rent,,,,,,
292.0,804.0,2023-12-24,357.0,Interested in a Different Type of Property,,,,,,
293.0,319.0,2020-03-08,382.0,Interested but Needs More Information,,,,,,
294.0,439.0,2023-06-08,558.0,Interested but Needs More Information,,,,,,
295.0,510.0,2020-07-20,142.0,Interested in a Different Type of Property,,,,,,
296.0,436.0,2021-10-25,845.0,Interested in a Different Type of Property,,,,,,
297.0,257.0,2020-05-27,169.0,Highly Interested in Rent,,,,,,
298.0,544.0,2020-10-15,856.0,Interested but Needs More Information,,,,,,
299.0,653.0,2020-03-30,363.0,Requires Significant Changes or Renovations,,,,,,
300.0,1.0,2022-07-08,294.0,Highly Interested in Rent,,,,,,
301.0,664.0,2023-07-21,132.0,Interested in a Different Type of Property,,,,,,
302.0,973.0,2023-09-05,338.0,Waiting on External Factors,,,,,,
303.0,150.0,2019-07-27,220.0,Not Interested in Property,,,,,,
304.0,492.0,2019-05-22,651.0,Highly Interested in Purchase,,,,,,
305.0,460.0,2023-03-23,878.0,Not Interested in Property,,,,,,
306.0,831.0,2023-10-11,670.0,Interested but Needs More Information,,,,,,
307.0,461.0,2023-05-02,481.0,Interested in a Different Type of Property,,,,,,
308.0,693.0,2022-06-17,637.0,Moderately Interested in Rent,,,,,,
309.0,573.0,2020-12-05,928.0,Waiting on External Factors,,,,,,
310.0,939.0,2022-09-12,29.0,Requires Significant Changes or Renovations,,,,,,
311.0,285.0,2023-06-13,276.0,Highly Interested in Rent,,,,,,
312.0,645.0,2023-12-29,105.0,Requires Significant Changes or Renovations,,,,,,
313.0,660.0,2023-04-15,849.0,Moderately Interested in Rent,,,,,,
314.0,639.0,2023-04-09,499.0,Interested but Needs More Information,,,,,,
315.0,442.0,2022-07-12,970.0,Moderately Interested in Rent,,,,,,
316.0,224.0,2019-11-23,179.0,Moderately Interested in Purchase,,,,,,
317.0,84.0,2019-09-18,789.0,Waiting on External Factors,,,,,,
318.0,723.0,2019-06-06,599.0,Interested but Needs More Information,,,,,,
319.0,934.0,2020-03-29,909.0,Interested but Needs More Information,,,,,,
320.0,699.0,2020-09-14,308.0,Not Interested in Property,,,,,,
321.0,717.0,2023-03-30,965.0,Moderately Interested in Purchase,,,,,,
322.0,265.0,2019-11-14,777.0,Requires Significant Changes or Renovations,,,,,,
323.0,403.0,2022-06-04,358.0,Interested but Price is a Concern,,,,,,
324.0,950.0,2022-01-25,47.0,Moderately Interested in Purchase,,,,,,
325.0,98.0,2021-08-06,313.0,Interested but Price is a Concern,,,,,,
326.0,858.0,2022-02-01,340.0,Interested in a Different Type of Property,,,,,,
327.0,855.0,2020-01-20,307.0,Interested in a Different Type of Property,,,,,,
328.0,864.0,2020-10-18,136.0,Highly Interested in Purchase,,,,,,
329.0,458.0,2021-04-13,932.0,Not Interested in Property,,,,,,
330.0,172.0,2021-06-21,995.0,Highly Interested in Rent,,,,,,
331.0,972.0,2020-10-11,692.0,Highly Interested in Rent,,,,,,
332.0,910.0,2020-09-12,642.0,Moderately Interested in Rent,,,,,,
333.0,249.0,2020-06-05,665.0,Not Interested in Property,,,,,,
334.0,628.0,2022-01-21,783.0,Moderately Interested in Purchase,,,,,,
335.0,911.0,2020-12-22,478.0,Highly Interested in Purchase,,,,,,
336.0,999.0,2022-10-27,422.0,Not Interested in Property,,,,,,
337.0,115.0,2019-04-12,581.0,Moderately Interested in Purchase,,,,,,
338.0,269.0,2022-02-01,824.0,Moderately Interested in Rent,,,,,,
339.0,89.0,2022-09-04,280.0,Waiting on External Factors,,,,,,
340.0,220.0,2022-11-02,122.0,Moderately Interested in Rent,,,,,,
341.0,252.0,2021-03-16,577.0,Highly Interested in Rent,,,,,,
342.0,25.0,2021-03-17,958.0,Interested in a Different Type of Property,,,,,,
343.0,292.0,2021-06-09,830.0,Requires Significant Changes or Renovations,,,,,,
344.0,489.0,2019-08-19,788.0,Highly Interested in Rent,,,,,,
345.0,725.0,2020-08-22,785.0,Not Interested in Property,,,,,,
346.0,862.0,2022-03-23,763.0,Requires Significant Changes or Renovations,,,,,,
347.0,576.0,2019-10-04,672.0,Highly Interested in Purchase,,,,,,
348.0,776.0,2020-11-11,881.0,Highly Interested in Purchase,,,,,,
349.0,203.0,2019-09-20,153.0,Highly Interested in Rent,,,,,,
350.0,102.0,2019-03-28,54.0,Interested but Needs More Information,,,,,,
351.0,507.0,2019-06-19,798.0,Not Interested in Property,,,,,,
352.0,312.0,2021-08-24,269.0,Highly Interested in Purchase,,,,,,
353.0,629.0,2020-06-22,66.0,Highly Interested in Purchase,,,,,,
354.0,128.0,2021-08-04,848.0,Requires Significant Changes or Renovations,,,,,,
355.0,742.0,2023-07-01,541.0,Waiting on External Factors,,,,,,
356.0,643.0,2023-12-02,309.0,Requires Significant Changes or Renovations,,,,,,
357.0,62.0,2021-09-15,903.0,Interested but Price is a Concern,,,,,,
358.0,216.0,2023-08-30,794.0,Highly Interested in Purchase,,,,,,
359.0,707.0,2021-04-05,899.0,Interested but Price is a Concern,,,,,,
360.0,692.0,2019-08-11,907.0,Interested but Needs More Information,,,,,,
361.0,980.0,2019-09-25,837.0,Highly Interested in Purchase,,,,,,
362.0,558.0,2020-07-21,317.0,Interested in a Different Type of Property,,,,,,
363.0,81.0,2021-04-20,596.0,Interested in a Different Type of Property,,,,,,
364.0,145.0,2023-06-10,93.0,Waiting on External Factors,,,,,,
365.0,12.0,2022-09-28,768.0,Moderately Interested in Purchase,,,,,,
366.0,431.0,2021-12-30,850.0,Waiting on External Factors,,,,,,
367.0,943.0,2023-12-01,76.0,Interested but Price is a Concern,,,,,,
368.0,595.0,2019-06-29,979.0,Interested in a Different Type of Property,,,,,,
369.0,381.0,2021-11-30,247.0,Highly Interested in Rent,,,,,,
370.0,244.0,2021-02-20,296.0,Interested but Needs More Information,,,,,,
371.0,160.0,2020-01-14,689.0,Not Interested in Property,,,,,,
372.0,193.0,2022-10-28,416.0,Interested in a Different Type of Property,,,,,,
373.0,852.0,2023-01-29,12.0,Not Interested in Property,,,,,,
374.0,783.0,2021-04-16,560.0,Moderately Interested in Purchase,,,,,,
375.0,577.0,2020-02-16,510.0,Interested in a Different Type of Property,,,,,,
376.0,527.0,2020-04-25,756.0,Waiting on External Factors,,,,,,
377.0,966.0,2023-04-24,114.0,Interested in a Different Type of Property,,,,,,
378.0,951.0,2019-08-07,130.0,Interested but Price is a Concern,,,,,,
379.0,215.0,2021-12-11,563.0,Highly Interested in Purchase,,,,,,
380.0,851.0,2022-07-02,458.0,Highly Interested in Rent,,,,,,
381.0,846.0,2019-05-26,318.0,Interested in a Different Type of Property,,,,,,
382.0,624.0,2023-04-02,108.0,Waiting on External Factors,,,,,,
383.0,308.0,2022-04-23,786.0,Highly Interested in Purchase,,,,,,
384.0,350.0,2022-06-19,867.0,Moderately Interested in Purchase,,,,,,
385.0,539.0,2021-10-02,380.0,Interested but Price is a Concern,,,,,,
386.0,494.0,2023-11-26,959.0,Moderately Interested in Rent,,,,,,
387.0,971.0,2021-12-17,271.0,Not Interested in Property,,,,,,
388.0,387.0,2020-04-09,385.0,Interested but Price is a Concern,,,,,,
389.0,569.0,2019-08-12,425.0,Highly Interested in Purchase,,,,,,
390.0,386.0,2022-05-22,601.0,Highly Interested in Purchase,,,,,,
391.0,705.0,2022-02-03,399.0,Interested but Needs More Information,,,,,,
392.0,505.0,2023-12-06,37.0,Requires Significant Changes or Renovations,,,,,,
393.0,915.0,2022-10-02,870.0,Interested in a Different Type of Property,,,,,,
394.0,840.0,2019-06-20,683.0,Highly Interested in Purchase,,,,,,
395.0,914.0,2023-02-22,1.0,Moderately Interested in Rent,,,,,,
396.0,711.0,2021-10-01,216.0,Interested but Needs More Information,,,,,,
397.0,388.0,2022-10-26,109.0,Highly Interested in Purchase,,,,,,
398.0,227.0,2020-09-10,945.0,Waiting on External Factors,,,,,,
399.0,604.0,2023-05-30,557.0,Highly Interested in Purchase,,,,,,
400.0,159.0,2021-11-03,869.0,Highly Interested in Rent,,,,,,
401.0,283.0,2023-01-19,794.0,Not Interested in Property,,,,,,
402.0,568.0,2020-05-18,299.0,Interested but Price is a Concern,,,,,,
403.0,555.0,2020-05-19,954.0,Moderately Interested in Purchase,,,,,,
404.0,465.0,2020-05-21,509.0,Highly Interested in Rent,,,,,,
405.0,40.0,2021-08-10,839.0,Highly Interested in Purchase,,,,,,
406.0,347.0,2019-02-25,271.0,Waiting on External Factors,,,,,,
407.0,311.0,2021-07-12,364.0,Waiting on External Factors,,,,,,
408.0,50.0,2022-03-17,685.0,Interested but Price is a Concern,,,,,,
409.0,856.0,2021-02-21,764.0,Moderately Interested in Rent,,,,,,
410.0,479.0,2023-07-11,570.0,Moderately Interested in Purchase,,,,,,
411.0,724.0,2019-06-27,664.0,Moderately Interested in Rent,,,,,,
412.0,969.0,2023-12-12,751.0,Highly Interested in Purchase,,,,,,
413.0,947.0,2022-03-13,910.0,Moderately Interested in Purchase,,,,,,
414.0,495.0,2019-08-10,450.0,Interested but Price is a Concern,,,,,,
415.0,930.0,2019-05-12,157.0,Moderately Interested in Rent,,,,,,
416.0,39.0,2023-08-12,694.0,Highly Interested in Rent,,,,,,
417.0,490.0,2020-11-23,577.0,Highly Interested in Rent,,,,,,
418.0,332.0,2021-11-29,624.0,Requires Significant Changes or Renovations,,,,,,
419.0,616.0,2020-07-08,409.0,Not Interested in Property,,,,,,
420.0,65.0,2019-03-03,645.0,Moderately Interested in Rent,,,,,,
421.0,967.0,2019-08-13,904.0,Waiting on External Factors,,,,,,
422.0,631.0,2019-05-01,750.0,Interested in a Different Type of Property,,,,,,
423.0,143.0,2023-09-24,339.0,Highly Interested in Rent,,,,,,
424.0,945.0,2020-01-18,568.0,Highly Interested in Rent,,,,,,
425.0,12.0,2022-08-31,950.0,Interested but Needs More Information,,,,,,
426.0,825.0,2022-12-07,652.0,Waiting on External Factors,,,,,,
427.0,980.0,2019-10-22,943.0,Interested but Price is a Concern,,,,,,
428.0,64.0,2020-04-10,25.0,Not Interested in Property,,,,,,
429.0,557.0,2022-06-12,426.0,Interested but Price is a Concern,,,,,,
430.0,881.0,2020-02-24,75.0,Not Interested in Property,,,,,,
431.0,305.0,2023-09-25,459.0,Moderately Interested in Purchase,,,,,,
432.0,57.0,2023-10-08,687.0,Moderately Interested in Purchase,,,,,,
433.0,912.0,2019-12-06,323.0,Interested but Price is a Concern,,,,,,
434.0,600.0,2020-05-26,791.0,Highly Interested in Purchase,,,,,,
435.0,115.0,2019-04-13,999.0,Not Interested in Property,,,,,,
436.0,261.0,2023-03-28,829.0,Moderately Interested in Rent,,,,,,
437.0,292.0,2021-05-14,96.0,Interested but Price is a Concern,,,,,,
438.0,573.0,2020-11-25,698.0,Interested but Needs More Information,,,,,,
439.0,476.0,2022-08-05,957.0,Moderately Interested in Purchase,,,,,,
440.0,396.0,2023-11-28,237.0,Interested but Price is a Concern,,,,,,
441.0,307.0,2021-01-31,560.0,Moderately Interested in Rent,,,,,,
442.0,744.0,2022-07-10,892.0,Requires Significant Changes or Renovations,,,,,,
443.0,464.0,2020-12-09,965.0,Moderately Interested in Purchase,,,,,,
444.0,854.0,2021-08-09,56.0,Moderately Interested in Rent,,,,,,
445.0,361.0,2023-11-07,993.0,Not Interested in Property,,,,,,
446.0,302.0,2023-07-03,673.0,Not Interested in Property,,,,,,
447.0,727.0,2021-08-11,605.0,Waiting on External Factors,,,,,,
448.0,391.0,2021-03-20,865.0,Interested but Price is a Concern,,,,,,
449.0,937.0,2020-01-31,397.0,Not Interested in Property,,,,,,
450.0,975.0,2023-01-14,571.0,Moderately Interested in Rent,,,,,,
451.0,412.0,2022-03-26,600.0,Requires Significant Changes or Renovations,,,,,,
452.0,668.0,2022-10-25,38.0,Waiting on External Factors,,,,,,
453.0,976.0,2020-05-28,232.0,Not Interested in Property,,,,,,
454.0,430.0,2021-06-11,122.0,Interested but Price is a Concern,,,,,,
455.0,192.0,2023-05-14,557.0,Moderately Interested in Rent,,,,,,
456.0,121.0,2022-09-13,785.0,Not Interested in Property,,,,,,
457.0,492.0,2019-05-07,686.0,Not Interested in Property,,,,,,
458.0,43.0,2023-09-17,359.0,Not Interested in Property,,,,,,
459.0,379.0,2021-02-07,1000.0,Waiting on External Factors,,,,,,
460.0,452.0,2021-04-10,218.0,Interested in a Different Type of Property,,,,,,
461.0,129.0,2022-05-29,11.0,Not Interested in Property,,,,,,
462.0,228.0,2020-02-22,160.0,Interested but Price is a Concern,,,,,,
463.0,415.0,2021-04-04,633.0,Interested in a Different Type of Property,,,,,,
464.0,892.0,2022-07-12,149.0,Interested but Price is a Concern,,,,,,
465.0,27.0,2022-09-04,648.0,Moderately Interested in Purchase,,,,,,
466.0,873.0,2021-08-21,86.0,Moderately Interested in Rent,,,,,,
467.0,505.0,2023-11-09,374.0,Highly Interested in Rent,,,,,,
468.0,386.0,2022-05-08,828.0,Moderately Interested in Rent,,,,,,
469.0,719.0,2021-11-09,612.0,Waiting on External Factors,,,,,,
470.0,872.0,2020-03-07,324.0,Highly Interested in Rent,,,,,,
471.0,589.0,2021-01-08,825.0,Interested but Price is a Concern,,,,,,
472.0,907.0,2022-12-10,766.0,Highly Interested in Rent,,,,,,
473.0,142.0,2020-12-08,798.0,Waiting on External Factors,,,,,,
474.0,800.0,2020-11-28,380.0,Highly Interested in Rent,,,,,,
475.0,657.0,2021-10-03,743.0,Interested but Needs More Information,,,,,,
476.0,274.0,2020-06-05,139.0,Interested but Price is a Concern,,,,,,
477.0,165.0,2021-04-01,366.0,Not Interested in Property,,,,,,
478.0,288.0,2023-10-28,194.0,Not Interested in Property,,,,,,
479.0,636.0,2023-12-23,266.0,Moderately Interested in Purchase,,,,,,
480.0,748.0,2019-07-19,691.0,Requires Significant Changes or Renovations,,,,,,
481.0,477.0,2022-03-19,767.0,Requires Significant Changes or Renovations,,,,,,
482.0,331.0,2020-12-07,868.0,Not Interested in Property,,,,,,
483.0,456.0,2019-02-07,176.0,Moderately Interested in Purchase,,,,,,
484.0,946.0,2022-02-03,414.0,Moderately Interested in Rent,,,,,,
485.0,606.0,2019-02-18,921.0,Interested but Needs More Information,,,,,,
486.0,590.0,2020-06-17,556.0,Requires Significant Changes or Renovations,,,,,,
487.0,865.0,2023-03-03,748.0,Moderately Interested in Purchase,,,,,,
488.0,486.0,2023-03-10,780.0,Highly Interested in Purchase,,,,,,
489.0,806.0,2021-11-26,39.0,Waiting on External Factors,,,,,,
490.0,265.0,2019-12-19,547.0,Moderately Interested in Purchase,,,,,,
491.0,523.0,2022-05-16,398.0,Interested but Needs More Information,,,,,,
492.0,747.0,2022-03-31,169.0,Waiting on External Factors,,,,,,
493.0,337.0,2021-10-25,285.0,Interested but Needs More Information,,,,,,
494.0,552.0,2022-09-18,877.0,Waiting on External Factors,,,,,,
495.0,990.0,2021-10-24,228.0,Not Interested in Property,,,,,,
496.0,814.0,2023-11-15,613.0,Highly Interested in Rent,,,,,,
497.0,470.0,2021-03-20,40.0,Highly Interested in Rent,,,,,,
498.0,670.0,2023-03-19,104.0,Highly Interested in Rent,,,,,,
499.0,553.0,2021-10-15,740.0,Interested but Price is a Concern,,,,,,
500.0,842.0,2020-06-16,799.0,Interested but Needs More Information,,,,,,
501.0,870.0,2019-04-17,15.0,Highly Interested in Purchase,,,,,,
502.0,70.0,2021-02-14,931.0,Not Interested in Property,,,,,,
503.0,459.0,2021-09-19,280.0,Interested in a Different Type of Property,,,,,,
504.0,959.0,2020-09-07,693.0,Interested in a Different Type of Property,,,,,,
505.0,857.0,2023-10-12,308.0,Highly Interested in Rent,,,,,,
506.0,250.0,2021-07-16,899.0,Highly Interested in Purchase,,,,,,
507.0,485.0,2021-07-19,816.0,Moderately Interested in Rent,,,,,,
508.0,122.0,2023-03-03,235.0,Waiting on External Factors,,,,,,
509.0,61.0,2022-04-25,963.0,Interested but Needs More Information,,,,,,
510.0,699.0,2020-09-04,843.0,Not Interested in Property,,,,,,
511.0,598.0,2021-07-30,400.0,Interested but Needs More Information,,,,,,
512.0,761.0,2020-11-28,559.0,Highly Interested in Rent,,,,,,
513.0,530.0,2022-05-20,250.0,Not Interested in Property,,,,,,
514.0,594.0,2019-09-15,730.0,Not Interested in Property,,,,,,
515.0,166.0,2021-04-13,533.0,Interested but Needs More Information,,,,,,
516.0,401.0,2021-12-06,467.0,Not Interested in Property,,,,,,
517.0,948.0,2020-11-10,888.0,Not Interested in Property,,,,,,
518.0,556.0,2021-07-18,371.0,Waiting on External Factors,,,,,,
519.0,891.0,2020-05-21,657.0,Moderately Interested in Purchase,,,,,,
520.0,428.0,2020-08-06,563.0,Highly Interested in Purchase,,,,,,
521.0,603.0,2022-10-13,146.0,Waiting on External Factors,,,,,,
522.0,539.0,2021-09-29,805.0,Highly Interested in Rent,,,,,,
523.0,994.0,2022-09-21,171.0,Highly Interested in Purchase,,,,,,
524.0,709.0,2023-08-17,567.0,Requires Significant Changes or Renovations,,,,,,
525.0,239.0,2022-08-06,388.0,Highly Interested in Rent,,,,,,
526.0,246.0,2023-05-15,598.0,Not Interested in Property,,,,,,
527.0,805.0,2021-04-18,760.0,Interested but Needs More Information,,,,,,
528.0,725.0,2020-08-02,317.0,Waiting on External Factors,,,,,,
529.0,888.0,2022-02-20,986.0,Interested but Price is a Concern,,,,,,
530.0,770.0,2022-07-22,897.0,Highly Interested in Purchase,,,,,,
531.0,313.0,2020-06-30,641.0,Requires Significant Changes or Renovations,,,,,,
532.0,5.0,2019-09-19,358.0,Moderately Interested in Purchase,,,,,,
533.0,610.0,2021-02-25,94.0,Highly Interested in Purchase,,,,,,
534.0,205.0,2020-09-09,22.0,Highly Interested in Rent,,,,,,
535.0,830.0,2022-09-02,725.0,Not Interested in Property,,,,,,
536.0,927.0,2020-11-10,889.0,Moderately Interested in Rent,,,,,,
537.0,245.0,2020-03-21,296.0,Interested in a Different Type of Property,,,,,,
538.0,832.0,2023-04-07,822.0,Waiting on External Factors,,,,,,
539.0,243.0,2020-07-12,248.0,Interested but Needs More Information,,,,,,
540.0,627.0,2021-05-11,346.0,Waiting on External Factors,,,,,,
541.0,440.0,2023-08-20,876.0,Requires Significant Changes or Renovations,,,,,,
542.0,363.0,2019-04-14,804.0,Requires Significant Changes or Renovations,,,,,,
543.0,469.0,2023-01-05,238.0,Highly Interested in Rent,,,,,,
544.0,273.0,2022-06-18,78.0,Interested but Needs More Information,,,,,,
545.0,712.0,2019-12-21,621.0,Interested in a Different Type of Property,,,,,,
546.0,229.0,2022-02-08,173.0,Interested but Needs More Information,,,,,,
547.0,886.0,2023-07-05,793.0,Interested but Needs More Information,,,,,,
548.0,701.0,2020-11-17,863.0,Requires Significant Changes or Renovations,,,,,,
549.0,722.0,2021-06-21,496.0,Highly Interested in Rent,,,,,,
550.0,756.0,2024-02-11,356.0,Requires Significant Changes or Renovations,,,,,,
551.0,314.0,2020-07-22,298.0,Highly Interested in Rent,,,,,,
552.0,964.0,2019-04-28,968.0,Moderately Interested in Purchase,,,,,,
553.0,804.0,2024-01-06,769.0,Highly Interested in Purchase,,,,,,
554.0,592.0,2020-10-15,885.0,Highly Interested in Rent,,,,,,
555.0,191.0,2023-11-05,581.0,Interested in a Different Type of Property,,,,,,
556.0,340.0,2023-11-19,272.0,Highly Interested in Purchase,,,,,,
557.0,499.0,2023-09-05,920.0,Highly Interested in Rent,,,,,,
558.0,422.0,2023-08-29,989.0,Waiting on External Factors,,,,,,
559.0,106.0,2021-11-30,960.0,Interested in a Different Type of Property,,,,,,
560.0,894.0,2021-03-07,733.0,Interested in a Different Type of Property,,,,,,
561.0,473.0,2022-04-23,249.0,Highly Interested in Rent,,,,,,
562.0,253.0,2020-04-25,322.0,Highly Interested in Purchase,,,,,,
563.0,174.0,2020-04-14,340.0,Highly Interested in Purchase,,,,,,
564.0,392.0,2019-12-22,701.0,Moderately Interested in Rent,,,,,,
565.0,170.0,2021-12-28,851.0,Highly Interested in Rent,,,,,,
566.0,691.0,2019-09-24,167.0,Requires Significant Changes or Renovations,,,,,,
567.0,163.0,2022-02-07,471.0,Requires Significant Changes or Renovations,,,,,,
568.0,325.0,2020-06-06,984.0,Not Interested in Property,,,,,,
569.0,90.0,2021-10-31,5.0,Highly Interested in Purchase,,,,,,
570.0,899.0,2023-10-12,995.0,Highly Interested in Purchase,,,,,,
571.0,810.0,2021-11-14,59.0,Interested in a Different Type of Property,,,,,,
572.0,659.0,2020-03-23,610.0,Interested in a Different Type of Property,,,,,,
573.0,147.0,2019-06-17,935.0,Moderately Interested in Purchase,,,,,,
574.0,500.0,2023-07-25,739.0,Waiting on External Factors,,,,,,
575.0,277.0,2022-10-07,564.0,Moderately Interested in Rent,,,,,,
576.0,526.0,2019-07-08,223.0,Interested but Needs More Information,,,,,,
577.0,330.0,2023-12-03,548.0,Highly Interested in Purchase,,,,,,
578.0,95.0,2019-07-24,263.0,Highly Interested in Rent,,,,,,
579.0,634.0,2019-09-18,451.0,Waiting on External Factors,,,,,,
580.0,875.0,2019-09-09,531.0,Moderately Interested in Rent,,,,,,
581.0,599.0,2022-05-05,442.0,Requires Significant Changes or Renovations,,,,,,
582.0,667.0,2020-03-23,234.0,Interested but Price is a Concern,,,,,,
583.0,327.0,2020-09-03,437.0,Interested but Price is a Concern,,,,,,
584.0,44.0,2020-08-02,762.0,Interested but Needs More Information,,,,,,
585.0,914.0,2023-02-07,516.0,Highly Interested in Rent,,,,,,
586.0,765.0,2020-11-22,477.0,Moderately Interested in Purchase,,,,,,
587.0,98.0,2021-07-14,433.0,Moderately Interested in Purchase,,,,,,
588.0,943.0,2023-10-21,401.0,Interested but Needs More Information,,,,,,
589.0,695.0,2019-12-26,752.0,Requires Significant Changes or Renovations,,,,,,
590.0,680.0,2019-09-27,951.0,Highly Interested in Rent,,,,,,
591.0,583.0,2021-04-28,602.0,Waiting on External Factors,,,,,,
592.0,446.0,2022-11-24,510.0,Highly Interested in Rent,,,,,,
593.0,211.0,2022-10-27,415.0,Highly Interested in Rent,,,,,,
594.0,819.0,2019-10-23,914.0,Highly Interested in Purchase,,,,,,
595.0,285.0,2023-06-23,824.0,Interested in a Different Type of Property,,,,,,
596.0,621.0,2023-03-22,660.0,Interested in a Different Type of Property,,,,,,
597.0,849.0,2021-01-05,671.0,Interested but Needs More Information,,,,,,
598.0,807.0,2022-01-05,487.0,Highly Interested in Purchase,,,,,,
599.0,151.0,2021-03-26,695.0,Interested but Price is a Concern,,,,,,
600.0,692.0,2019-06-26,192.0,Highly Interested in Rent,,,,,,
601.0,377.0,2023-05-30,967.0,Interested but Price is a Concern,,,,,,
602.0,588.0,2023-09-22,774.0,Interested in a Different Type of Property,,,,,,
603.0,979.0,2019-05-12,519.0,Not Interested in Property,,,,,,
604.0,431.0,2022-01-11,703.0,Interested in a Different Type of Property,,,,,,
605.0,241.0,2023-08-22,757.0,Moderately Interested in Purchase,,,,,,
606.0,443.0,2023-03-29,834.0,Highly Interested in Purchase,,,,,,
607.0,105.0,2020-12-07,101.0,Interested in a Different Type of Property,,,,,,
608.0,417.0,2020-11-27,424.0,Moderately Interested in Rent,,,,,,
609.0,798.0,2023-02-21,611.0,Requires Significant Changes or Renovations,,,,,,
610.0,954.0,2019-10-08,536.0,Interested but Needs More Information,,,,,,
611.0,62.0,2021-09-25,746.0,Moderately Interested in Rent,,,,,,
612.0,942.0,2019-05-20,1.0,Moderately Interested in Purchase,,,,,,
613.0,633.0,2019-09-11,872.0,Requires Significant Changes or Renovations,,,,,,
614.0,811.0,2022-06-29,321.0,Interested but Price is a Concern,,,,,,
615.0,383.0,2020-02-20,392.0,Interested but Needs More Information,,,,,,
616.0,364.0,2022-07-04,108.0,Waiting on External Factors,,,,,,
617.0,664.0,2023-06-23,127.0,Not Interested in Property,,,,,,
618.0,200.0,2023-11-06,715.0,Moderately Interested in Purchase,,,,,,
619.0,671.0,2020-03-14,14.0,Requires Significant Changes or Renovations,,,,,,
620.0,19.0,2021-11-21,975.0,Interested but Price is a Concern,,,,,,
621.0,745.0,2022-10-03,112.0,Requires Significant Changes or Renovations,,,,,,
622.0,150.0,2019-07-02,665.0,Moderately Interested in Purchase,,,,,,
623.0,730.0,2019-08-08,240.0,Interested but Needs More Information,,,,,,
624.0,102.0,2019-04-23,788.0,Interested but Price is a Concern,,,,,,
625.0,408.0,2019-08-07,656.0,Interested but Needs More Information,,,,,,
626.0,640.0,2019-08-21,469.0,Requires Significant Changes or Renovations,,,,,,
627.0,507.0,2019-06-08,964.0,Interested but Price is a Concern,,,,,,
628.0,73.0,2022-05-20,710.0,Requires Significant Changes or Renovations,,,,,,
629.0,83.0,2021-10-26,128.0,Interested but Needs More Information,,,,,,
630.0,518.0,2019-04-24,796.0,Highly Interested in Rent,,,,,,
631.0,546.0,2022-09-15,528.0,Moderately Interested in Purchase,,,,,,
632.0,78.0,2022-08-02,310.0,Highly Interested in Rent,,,,,,
633.0,793.0,2020-12-12,152.0,Requires Significant Changes or Renovations,,,,,,
634.0,726.0,2019-12-05,130.0,Interested but Price is a Concern,,,,,,
635.0,42.0,2022-05-19,87.0,Waiting on External Factors,,,,,,
636.0,84.0,2019-09-18,423.0,Waiting on External Factors,,,,,,
637.0,932.0,2020-02-12,121.0,Highly Interested in Purchase,,,,,,
638.0,808.0,2023-01-23,566.0,Interested but Price is a Concern,,,,,,
639.0,137.0,2020-09-14,974.0,Highly Interested in Rent,,,,,,
640.0,126.0,2023-12-22,432.0,Highly Interested in Rent,,,,,,
641.0,338.0,2023-12-25,722.0,Highly Interested in Purchase,,,,,,
642.0,380.0,2023-05-16,488.0,Highly Interested in Purchase,,,,,,
643.0,498.0,2023-08-27,166.0,Interested but Needs More Information,,,,,,
644.0,149.0,2020-04-15,515.0,Interested but Price is a Concern,,,,,,
645.0,601.0,2022-08-14,649.0,Requires Significant Changes or Renovations,,,,,,
646.0,868.0,2023-07-03,681.0,Requires Significant Changes or Renovations,,,,,,
647.0,112.0,2023-12-30,619.0,Moderately Interested in Purchase,,,,,,
648.0,451.0,2023-03-30,855.0,Highly Interested in Purchase,,,,,,
649.0,795.0,2020-03-11,275.0,Moderately Interested in Purchase,,,,,,
650.0,729.0,2020-02-02,737.0,Interested but Needs More Information,,,,,,
651.0,579.0,2023-02-27,49.0,Not Interested in Property,,,,,,
652.0,817.0,2019-06-05,344.0,Moderately Interested in Purchase,,,,,,
653.0,550.0,2020-01-20,24.0,Requires Significant Changes or Renovations,,,,,,
654.0,281.0,2022-06-10,485.0,Not Interested in Property,,,,,,
655.0,983.0,2022-02-27,720.0,Requires Significant Changes or Renovations,,,,,,
656.0,24.0,2019-08-16,773.0,Interested but Price is a Concern,,,,,,
657.0,202.0,2021-11-13,76.0,Waiting on External Factors,,,,,,
658.0,88.0,2021-05-16,945.0,Moderately Interested in Rent,,,,,,
659.0,224.0,2019-12-15,115.0,Moderately Interested in Purchase,,,,,,
660.0,26.0,2023-10-12,410.0,Highly Interested in Purchase,,,,,,
661.0,581.0,2019-08-16,227.0,Highly Interested in Rent,,,,,,
662.0,279.0,2019-06-05,252.0,Highly Interested in Purchase,,,,,,
663.0,698.0,2020-05-09,36.0,Interested but Needs More Information,,,,,,
664.0,420.0,2019-10-30,311.0,Requires Significant Changes or Renovations,,,,,,
665.0,847.0,2020-08-25,675.0,Moderately Interested in Purchase,,,,,,
666.0,439.0,2023-06-17,73.0,Highly Interested in Rent,,,,,,
667.0,900.0,2021-04-17,517.0,Moderately Interested in Rent,,,,,,
668.0,848.0,2023-03-24,929.0,Not Interested in Property,,,,,,
669.0,966.0,2023-03-22,647.0,Requires Significant Changes or Renovations,,,,,,
670.0,617.0,2019-07-10,456.0,Requires Significant Changes or Renovations,,,,,,
671.0,643.0,2023-11-17,226.0,Moderately Interested in Rent,,,,,,
672.0,111.0,2019-05-22,709.0,Waiting on External Factors,,,,,,
673.0,68.0,2019-04-27,330.0,Waiting on External Factors,,,,,,
674.0,524.0,2019-03-29,406.0,Interested but Needs More Information,,,,,,
675.0,783.0,2021-03-12,216.0,Moderately Interested in Rent,,,,,,
676.0,608.0,2020-01-28,189.0,Interested in a Different Type of Property,,,,,,
677.0,53.0,2020-08-25,630.0,Waiting on External Factors,,,,,,
678.0,707.0,2021-04-11,718.0,Not Interested in Property,,,,,,
679.0,723.0,2019-06-03,847.0,Waiting on External Factors,,,,,,
680.0,778.0,2023-06-27,478.0,Not Interested in Property,,,,,,
681.0,354.0,2021-06-08,502.0,Waiting on External Factors,,,,,,
682.0,414.0,2023-08-24,269.0,Highly Interested in Purchase,,,,,,
683.0,461.0,2023-05-15,445.0,Interested but Price is a Concern,,,,,,
684.0,132.0,2022-03-28,429.0,Not Interested in Property,,,,,,
685.0,993.0,2021-10-24,168.0,Moderately Interested in Rent,,,,,,
686.0,884.0,2020-04-03,148.0,Requires Significant Changes or Renovations,,,,,,
687.0,223.0,2022-08-17,384.0,Interested in a Different Type of Property,,,,,,
688.0,558.0,2020-06-27,165.0,Moderately Interested in Rent,,,,,,
689.0,816.0,2021-01-09,134.0,Interested but Price is a Concern,,,,,,
690.0,941.0,2022-05-20,431.0,Waiting on External Factors,,,,,,
691.0,923.0,2024-01-07,544.0,Highly Interested in Purchase,,,,,,
692.0,255.0,2022-07-13,468.0,Moderately Interested in Purchase,,,,,,
693.0,713.0,2019-10-19,498.0,Highly Interested in Rent,,,,,,
694.0,882.0,2021-08-30,908.0,Interested in a Different Type of Property,,,,,,
695.0,915.0,2022-10-12,977.0,Highly Interested in Purchase,,,,,,
696.0,426.0,2023-04-12,113.0,Interested but Price is a Concern,,,,,,
697.0,968.0,2023-07-09,653.0,Highly Interested in Rent,,,,,,
698.0,809.0,2022-04-11,313.0,Interested in a Different Type of Property,,,,,,
699.0,652.0,2023-11-13,524.0,Not Interested in Property,,,,,,
700.0,869.0,2023-11-06,300.0,Waiting on External Factors,,,,,,
701.0,402.0,2023-05-08,905.0,Requires Significant Changes or Renovations,,,,,,
702.0,31.0,2020-02-14,684.0,Interested but Needs More Information,,,,,,
703.0,890.0,2022-05-19,891.0,Not Interested in Property,,,,,,
704.0,339.0,2021-05-11,183.0,Not Interested in Property,,,,,,
705.0,114.0,2022-11-21,792.0,Moderately Interested in Rent,,,,,,
706.0,802.0,2022-01-25,608.0,Interested but Price is a Concern,,,,,,
707.0,708.0,2021-12-09,820.0,Highly Interested in Purchase,,,,,,
708.0,398.0,2020-02-11,123.0,Not Interested in Property,,,,,,
709.0,187.0,2019-11-05,542.0,Not Interested in Property,,,,,,
710.0,840.0,2019-07-23,204.0,Waiting on External Factors,,,,,,
711.0,6.0,2022-03-13,490.0,Interested but Price is a Concern,,,,,,
712.0,580.0,2020-12-22,69.0,Requires Significant Changes or Renovations,,,,,,
713.0,270.0,2023-09-18,614.0,Highly Interested in Purchase,,,,,,
714.0,188.0,2023-07-16,683.0,Highly Interested in Purchase,,,,,,
715.0,77.0,2021-08-08,962.0,Highly Interested in Rent,,,,,,
716.0,481.0,2023-06-20,460.0,Waiting on External Factors,,,,,,
717.0,605.0,2021-08-05,576.0,Moderately Interested in Purchase,,,,,,
718.0,355.0,2022-11-01,759.0,Highly Interested in Purchase,,,,,,
719.0,167.0,2019-05-15,255.0,Interested in a Different Type of Property,,,,,,
720.0,977.0,2023-09-14,808.0,Requires Significant Changes or Renovations,,,,,,
721.0,786.0,2021-07-27,838.0,Interested in a Different Type of Property,,,,,,
722.0,418.0,2021-07-28,452.0,Interested in a Different Type of Property,,,,,,
723.0,317.0,2023-03-04,319.0,Moderately Interested in Rent,,,,,,
724.0,256.0,2023-05-07,180.0,Highly Interested in Purchase,,,,,,
725.0,734.0,2020-12-16,650.0,Waiting on External Factors,,,,,,
726.0,275.0,2020-01-28,175.0,Requires Significant Changes or Renovations,,,,,,
727.0,82.0,2022-10-09,558.0,Highly Interested in Purchase,,,,,,
728.0,447.0,2020-08-17,873.0,Moderately Interested in Rent,,,,,,
729.0,52.0,2022-04-11,585.0,Moderately Interested in Rent,,,,,,
730.0,679.0,2021-02-10,669.0,Interested but Needs More Information,,,,,,
731.0,319.0,2020-02-14,473.0,Interested in a Different Type of Property,,,,,,
732.0,672.0,2019-08-20,837.0,Highly Interested in Purchase,,,,,,
733.0,746.0,2020-08-28,41.0,Highly Interested in Purchase,,,,,,
734.0,733.0,2022-04-05,362.0,Moderately Interested in Purchase,,,,,,
735.0,230.0,2020-09-03,980.0,Requires Significant Changes or Renovations,,,,,,
736.0,294.0,2020-07-15,205.0,Interested but Needs More Information,,,,,,
737.0,1.0,2022-06-24,708.0,Moderately Interested in Rent,,,,,,
738.0,799.0,2021-07-15,615.0,Highly Interested in Purchase,,,,,,
739.0,789.0,2021-07-31,765.0,Requires Significant Changes or Renovations,,,,,,
740.0,965.0,2019-07-03,512.0,Moderately Interested in Rent,,,,,,
741.0,240.0,2021-02-15,20.0,Interested but Needs More Information,,,,,,
742.0,442.0,2022-07-16,534.0,Waiting on External Factors,,,,,,
743.0,660.0,2023-04-14,390.0,Requires Significant Changes or Renovations,,,,,,
744.0,913.0,2020-08-18,125.0,Moderately Interested in Rent,,,,,,
745.0,353.0,2022-12-10,215.0,Highly Interested in Rent,,,,,,
746.0,171.0,2019-10-16,749.0,Moderately Interested in Purchase,,,,,,
747.0,136.0,2021-02-03,795.0,Not Interested in Property,,,,,,
748.0,419.0,2021-04-20,655.0,Not Interested in Property,,,,,,
749.0,676.0,2021-03-21,584.0,Highly Interested in Rent,,,,,,
750.0,214.0,2021-05-29,257.0,Moderately Interested in Purchase,,,,,,
751.0,107.0,2020-06-18,940.0,Highly Interested in Purchase,,,,,,
752.0,480.0,2022-04-14,699.0,Interested but Price is a Concern,,,,,,
753.0,944.0,2022-04-10,481.0,Interested but Needs More Information,,,,,,
754.0,876.0,2019-06-22,350.0,Requires Significant Changes or Renovations,,,,,,
755.0,619.0,2020-11-25,486.0,Highly Interested in Purchase,,,,,,
756.0,34.0,2021-09-08,21.0,Requires Significant Changes or Renovations,,,,,,
757.0,696.0,2020-02-18,342.0,Highly Interested in Rent,,,,,,
758.0,925.0,2022-01-16,333.0,Interested in a Different Type of Property,,,,,,
759.0,769.0,2021-06-11,997.0,Requires Significant Changes or Renovations,,,,,,
760.0,400.0,2021-06-18,801.0,Requires Significant Changes or Renovations,,,,,,
761.0,593.0,2022-05-12,63.0,Highly Interested in Rent,,,,,,
762.0,235.0,2020-05-15,54.0,Not Interested in Property,,,,,,
763.0,226.0,2019-05-11,421.0,Interested but Price is a Concern,,,,,,
764.0,262.0,2022-02-03,461.0,Not Interested in Property,,,,,,
765.0,45.0,2019-07-11,721.0,Waiting on External Factors,,,,,,
766.0,349.0,2020-11-09,849.0,Interested but Needs More Information,,,,,,
767.0,373.0,2021-07-27,781.0,Moderately Interested in Rent,,,,,,
768.0,335.0,2021-01-25,572.0,Interested but Price is a Concern,,,,,,
769.0,939.0,2022-08-31,862.0,Interested but Needs More Information,,,,,,
770.0,371.0,2020-05-29,870.0,Highly Interested in Purchase,,,,,,
771.0,351.0,2020-06-04,998.0,Not Interested in Property,,,,,,
772.0,803.0,2020-02-03,700.0,Highly Interested in Purchase,,,,,,
773.0,597.0,2021-08-18,714.0,Interested but Needs More Information,,,,,,
774.0,544.0,2020-09-15,969.0,Interested but Price is a Concern,,,,,,
775.0,852.0,2023-02-09,254.0,Requires Significant Changes or Renovations,,,,,,
776.0,673.0,2023-11-21,35.0,Interested but Price is a Concern,,,,,,
777.0,996.0,2023-07-18,818.0,Moderately Interested in Purchase,,,,,,
778.0,89.0,2022-09-01,278.0,Highly Interested in Rent,,,,,,
779.0,471.0,2021-07-17,89.0,Moderately Interested in Purchase,,,,,,
780.0,236.0,2019-03-14,185.0,Requires Significant Changes or Renovations,,,,,,
781.0,681.0,2021-09-30,800.0,Requires Significant Changes or Renovations,,,,,,
782.0,206.0,2019-07-12,501.0,Moderately Interested in Rent,,,,,,
783.0,743.0,2022-09-14,565.0,Interested but Needs More Information,,,,,,
784.0,318.0,2019-10-18,579.0,Highly Interested in Purchase,,,,,,
785.0,917.0,2021-02-27,815.0,Interested but Price is a Concern,,,,,,
786.0,926.0,2022-12-31,389.0,Waiting on External Factors,,,,,,
787.0,93.0,2022-10-27,219.0,Moderately Interested in Purchase,,,,,,
788.0,676.0,2021-02-14,938.0,Moderately Interested in Rent,,,,,,
789.0,9.0,2023-07-06,971.0,Requires Significant Changes or Renovations,,,,,,
790.0,740.0,2020-10-08,132.0,Highly Interested in Purchase,,,,,,
791.0,938.0,2023-06-30,506.0,Interested but Needs More Information,,,,,,
792.0,800.0,2020-10-20,385.0,Not Interested in Property,,,,,,
793.0,678.0,2020-01-14,518.0,Interested but Needs More Information,,,,,,
794.0,308.0,2022-05-01,77.0,Requires Significant Changes or Renovations,,,,,,
795.0,656.0,2020-06-15,711.0,Moderately Interested in Rent,,,,,,
796.0,930.0,2019-04-07,728.0,Requires Significant Changes or Renovations,,,,,,
797.0,247.0,2020-10-18,256.0,Waiting on External Factors,,,,,,
798.0,707.0,2021-04-07,778.0,Interested but Price is a Concern,,,,,,
799.0,217.0,2024-02-12,302.0,Interested but Needs More Information,,,,,,
800.0,704.0,2020-03-31,471.0,Moderately Interested in Purchase,,,,,,
801.0,897.0,2020-02-19,798.0,Requires Significant Changes or Renovations,,,,,,
802.0,792.0,2020-01-29,437.0,Waiting on External Factors,,,,,,
803.0,234.0,2019-05-02,894.0,Not Interested in Property,,,,,,
804.0,173.0,2019-02-16,524.0,Moderately Interested in Rent,,,,,,
805.0,210.0,2020-04-10,316.0,Waiting on External Factors,,,,,,
806.0,507.0,2019-05-16,33.0,Interested but Needs More Information,,,,,,
807.0,585.0,2021-05-20,273.0,Moderately Interested in Rent,,,,,,
808.0,259.0,2019-07-15,648.0,Waiting on External Factors,,,,,,
809.0,580.0,2021-01-21,100.0,Highly Interested in Rent,,,,,,
810.0,604.0,2023-06-07,559.0,Highly Interested in Purchase,,,,,,
811.0,768.0,2020-12-12,715.0,Not Interested in Property,,,,,,
812.0,599.0,2022-03-30,598.0,Not Interested in Property,,,,,,
813.0,918.0,2023-03-17,550.0,Interested in a Different Type of Property,,,,,,
814.0,641.0,2021-09-08,697.0,Moderately Interested in Rent,,,,,,
815.0,490.0,2020-12-27,435.0,Moderately Interested in Purchase,,,,,,
816.0,136.0,2021-02-08,795.0,Not Interested in Property,,,,,,
817.0,346.0,2023-08-20,390.0,Requires Significant Changes or Renovations,,,,,,
818.0,195.0,2020-06-21,923.0,Waiting on External Factors,,,,,,
819.0,60.0,2023-02-02,691.0,Highly Interested in Rent,,,,,,
820.0,516.0,2020-05-15,780.0,Waiting on External Factors,,,,,,
821.0,206.0,2019-08-24,151.0,Interested in a Different Type of Property,,,,,,
822.0,155.0,2023-01-24,476.0,Interested but Needs More Information,,,,,,
823.0,518.0,2019-04-22,272.0,Interested but Price is a Concern,,,,,,
824.0,466.0,2023-09-09,162.0,Interested but Needs More Information,,,,,,
825.0,231.0,2022-10-20,146.0,Interested in a Different Type of Property,,,,,,
826.0,788.0,2020-06-11,28.0,Moderately Interested in Purchase,,,,,,
827.0,463.0,2020-11-19,141.0,Highly Interested in Rent,,,,,,
828.0,294.0,2020-07-07,842.0,Requires Significant Changes or Renovations,,,,,,
829.0,968.0,2023-07-06,211.0,Interested but Price is a Concern,,,,,,
830.0,424.0,2020-03-20,271.0,Highly Interested in Rent,,,,,,
831.0,265.0,2019-11-09,77.0,Requires Significant Changes or Renovations,,,,,,
832.0,794.0,2022-11-27,51.0,Highly Interested in Purchase,,,,,,
833.0,344.0,2021-01-25,998.0,Interested but Price is a Concern,,,,,,
834.0,142.0,2020-12-02,466.0,Interested but Needs More Information,,,,,,
835.0,406.0,2023-09-15,733.0,Interested but Needs More Information,,,,,,
836.0,601.0,2022-08-30,170.0,Requires Significant Changes or Renovations,,,,,,
837.0,851.0,2022-08-10,983.0,Requires Significant Changes or Renovations,,,,,,
838.0,770.0,2022-07-16,344.0,Interested but Price is a Concern,,,,,,
839.0,13.0,2021-02-03,838.0,Requires Significant Changes or Renovations,,,,,,
840.0,701.0,2020-11-13,487.0,Interested in a Different Type of Property,,,,,,
841.0,506.0,2020-12-02,475.0,Waiting on External Factors,,,,,,
842.0,680.0,2019-10-02,989.0,Requires Significant Changes or Renovations,,,,,,
843.0,815.0,2020-10-14,513.0,Requires Significant Changes or Renovations,,,,,,
844.0,451.0,2023-04-17,74.0,Highly Interested in Purchase,,,,,,
845.0,528.0,2019-06-17,22.0,Not Interested in Property,,,,,,
846.0,194.0,2019-05-09,705.0,Interested but Needs More Information,,,,,,
847.0,447.0,2020-07-11,764.0,Not Interested in Property,,,,,,
848.0,508.0,2023-01-28,302.0,Highly Interested in Purchase,,,,,,
849.0,737.0,2020-06-13,11.0,Requires Significant Changes or Renovations,,,,,,
850.0,685.0,2023-12-08,772.0,Not Interested in Property,,,,,,
851.0,40.0,2021-09-16,986.0,Not Interested in Property,,,,,,
852.0,6.0,2022-03-04,946.0,Interested but Price is a Concern,,,,,,
853.0,64.0,2020-04-15,629.0,Interested but Needs More Information,,,,,,
854.0,660.0,2023-04-03,173.0,Requires Significant Changes or Renovations,,,,,,
855.0,374.0,2022-11-12,258.0,Moderately Interested in Rent,,,,,,
856.0,474.0,2019-12-15,292.0,Highly Interested in Purchase,,,,,,
857.0,386.0,2022-04-29,84.0,Interested but Needs More Information,,,,,,
858.0,412.0,2022-02-16,172.0,Waiting on External Factors,,,,,,
859.0,77.0,2021-07-08,543.0,Not Interested in Property,,,,,,
860.0,450.0,2020-11-20,222.0,Interested in a Different Type of Property,,,,,,
861.0,850.0,2023-02-15,728.0,Interested in a Different Type of Property,,,,,,
862.0,974.0,2021-06-09,360.0,Highly Interested in Rent,,,,,,
863.0,817.0,2019-05-15,776.0,Not Interested in Property,,,,,,
864.0,523.0,2022-05-08,574.0,Waiting on External Factors,,,,,,
865.0,673.0,2023-10-21,612.0,Interested but Price is a Concern,,,,,,
866.0,560.0,2022-05-01,46.0,Interested in a Different Type of Property,,,,,,
867.0,530.0,2022-05-26,2.0,Not Interested in Property,,,,,,
868.0,666.0,2021-11-25,661.0,Interested in a Different Type of Property,,,,,,
869.0,276.0,2022-06-20,805.0,Waiting on External Factors,,,,,,
870.0,164.0,2020-05-30,594.0,Interested but Price is a Concern,,,,,,
871.0,716.0,2021-03-13,940.0,Interested but Price is a Concern,,,,,,
872.0,324.0,2023-04-14,37.0,Interested in a Different Type of Property,,,,,,
873.0,154.0,2022-10-13,741.0,Moderately Interested in Purchase,,,,,,
874.0,215.0,2021-12-20,636.0,Interested in a Different Type of Property,,,,,,
875.0,587.0,2021-10-05,120.0,Not Interested in Property,,,,,,
876.0,159.0,2021-10-19,926.0,Requires Significant Changes or Renovations,,,,,,
877.0,104.0,2022-01-29,394.0,Interested but Needs More Information,,,,,,
878.0,106.0,2021-11-20,378.0,Interested but Needs More Information,,,,,,
879.0,989.0,2021-10-09,763.0,Waiting on External Factors,,,,,,
880.0,878.0,2020-05-22,860.0,Waiting on External Factors,,,,,,
881.0,987.0,2022-03-08,119.0,Interested but Needs More Information,,,,,,
882.0,771.0,2023-06-27,549.0,Moderately Interested in Purchase,,,,,,
883.0,583.0,2021-06-04,572.0,Requires Significant Changes or Renovations,,,,,,
884.0,50.0,2022-03-19,721.0,Interested in a Different Type of Property,,,,,,
885.0,513.0,2020-09-24,210.0,Highly Interested in Rent,,,,,,
886.0,611.0,2022-12-23,876.0,Moderately Interested in Purchase,,,,,,
887.0,1.0,2022-07-13,152.0,Highly Interested in Purchase,,,,,,
888.0,993.0,2021-10-15,315.0,Interested but Price is a Concern,,,,,,
889.0,999.0,2022-11-11,925.0,Moderately Interested in Rent,,,,,,
890.0,240.0,2021-01-01,786.0,Interested in a Different Type of Property,,,,,,
891.0,748.0,2019-07-21,626.0,Waiting on External Factors,,,,,,
892.0,56.0,2022-06-05,233.0,Interested but Needs More Information,,,,,,
893.0,889.0,2022-05-09,664.0,Interested but Price is a Concern,,,,,,
894.0,481.0,2023-06-24,169.0,Highly Interested in Purchase,,,,,,
895.0,87.0,2021-12-08,708.0,Highly Interested in Rent,,,,,,
896.0,636.0,2023-12-27,982.0,Moderately Interested in Rent,,,,,,
897.0,254.0,2021-02-13,505.0,Interested but Needs More Information,,,,,,
898.0,957.0,2019-07-31,593.0,Waiting on External Factors,,,,,,
899.0,742.0,2023-06-30,941.0,Not Interested in Property,,,,,,
900.0,553.0,2021-11-20,204.0,Waiting on External Factors,,,,,,
901.0,860.0,2023-07-07,967.0,Highly Interested in Purchase,,,,,,
902.0,335.0,2021-01-31,820.0,Moderately Interested in Rent,,,,,,
903.0,522.0,2023-11-11,462.0,Interested but Price is a Concern,,,,,,
904.0,997.0,2023-03-20,602.0,Moderately Interested in Purchase,,,,,,
905.0,328.0,2020-02-07,788.0,Not Interested in Property,,,,,,
906.0,321.0,2023-06-11,296.0,Highly Interested in Purchase,,,,,,
907.0,781.0,2019-04-26,177.0,Moderately Interested in Rent,,,,,,
908.0,316.0,2019-06-06,618.0,Moderately Interested in Purchase,,,,,,
909.0,467.0,2020-09-07,279.0,Moderately Interested in Purchase,,,,,,
910.0,798.0,2023-03-14,563.0,Highly Interested in Purchase,,,,,,
911.0,871.0,2019-09-19,334.0,Interested in a Different Type of Property,,,,,,
912.0,760.0,2023-03-20,747.0,Interested but Price is a Concern,,,,,,
913.0,714.0,2020-09-03,260.0,Moderately Interested in Rent,,,,,,
914.0,784.0,2019-10-09,301.0,Moderately Interested in Purchase,,,,,,
915.0,378.0,2019-09-27,630.0,Interested in a Different Type of Property,,,,,,
916.0,582.0,2021-02-04,976.0,Requires Significant Changes or Renovations,,,,,,
917.0,470.0,2021-03-14,82.0,Not Interested in Property,,,,,,
918.0,2.0,2019-10-02,4.0,Moderately Interested in Rent,,,,,,
919.0,96.0,2022-05-02,908.0,Interested in a Different Type of Property,,,,,,
920.0,280.0,2023-11-28,328.0,Not Interested in Property,,,,,,
921.0,300.0,2022-08-23,963.0,Highly Interested in Purchase,,,,,,
922.0,969.0,2023-11-28,932.0,Interested but Needs More Information,,,,,,
923.0,373.0,2021-07-26,232.0,Waiting on External Factors,,,,,,
924.0,880.0,2019-10-06,118.0,Not Interested in Property,,,,,,
925.0,554.0,2020-09-18,299.0,Highly Interested in Rent,,,,,,
926.0,243.0,2020-07-28,320.0,Highly Interested in Rent,,,,,,
927.0,364.0,2022-07-02,915.0,Interested in a Different Type of Property,,,,,,
928.0,3.0,2022-01-17,257.0,Interested in a Different Type of Property,,,,,,
929.0,633.0,2019-10-21,220.0,Moderately Interested in Rent,,,,,,
930.0,548.0,2021-12-25,650.0,Moderately Interested in Rent,,,,,,
931.0,491.0,2023-12-23,863.0,Moderately Interested in Purchase,,,,,,
932.0,251.0,2021-11-11,489.0,Highly Interested in Rent,,,,,,
933.0,574.0,2020-06-19,422.0,Moderately Interested in Rent,,,,,,
934.0,663.0,2021-10-27,62.0,Waiting on External Factors,,,,,,
935.0,459.0,2021-09-27,34.0,Interested in a Different Type of Property,,,,,,
936.0,233.0,2023-10-22,624.0,Interested in a Different Type of Property,,,,,,
937.0,896.0,2020-11-27,98.0,Interested but Price is a Concern,,,,,,
938.0,975.0,2023-02-06,897.0,Interested in a Different Type of Property,,,,,,
939.0,905.0,2020-06-21,856.0,Highly Interested in Purchase,,,,,,
940.0,505.0,2023-12-06,126.0,Interested but Needs More Information,,,,,,
941.0,393.0,2019-11-22,544.0,Requires Significant Changes or Renovations,,,,,,
942.0,509.0,2019-11-14,355.0,Not Interested in Property,,,,,,
943.0,151.0,2021-03-22,345.0,Waiting on External Factors,,,,,,
944.0,242.0,2023-02-23,163.0,Waiting on External Factors,,,,,,
945.0,462.0,2020-06-02,425.0,Moderately Interested in Rent,,,,,,
946.0,205.0,2020-10-02,542.0,Interested in a Different Type of Property,,,,,,
947.0,320.0,2023-04-15,238.0,Waiting on External Factors,,,,,,
948.0,972.0,2020-09-27,749.0,Waiting on External Factors,,,,,,
949.0,833.0,2020-05-31,228.0,Requires Significant Changes or Renovations,,,,,,
950.0,479.0,2023-06-21,122.0,Interested but Price is a Concern,,,,,,
951.0,699.0,2020-10-01,97.0,Highly Interested in Rent,,,,,,
952.0,357.0,2020-01-12,748.0,Moderately Interested in Rent,,,,,,
953.0,277.0,2022-09-13,175.0,Requires Significant Changes or Renovations,,,,,,
954.0,659.0,2020-05-06,189.0,Moderately Interested in Rent,,,,,,
955.0,392.0,2019-12-09,960.0,Interested but Price is a Concern,,,,,,
956.0,353.0,2022-12-09,347.0,Waiting on External Factors,,,,,,
957.0,492.0,2019-05-31,807.0,Waiting on External Factors,,,,,,
958.0,842.0,2020-06-27,825.0,Moderately Interested in Rent,,,,,,
959.0,178.0,2022-10-08,364.0,Moderately Interested in Purchase,,,,,,
960.0,795.0,2020-03-14,958.0,Requires Significant Changes or Renovations,,,,,,
961.0,273.0,2022-06-18,871.0,Waiting on External Factors,,,,,,
962.0,326.0,2022-12-20,785.0,Requires Significant Changes or Renovations,,,,,,
963.0,867.0,2022-09-03,531.0,Highly Interested in Rent,,,,,,
964.0,786.0,2021-07-07,970.0,Moderately Interested in Purchase,,,,,,
965.0,69.0,2022-03-09,492.0,Requires Significant Changes or Renovations,,,,,,
966.0,524.0,2019-03-22,794.0,Moderately Interested in Purchase,,,,,,
967.0,668.0,2022-10-11,284.0,Highly Interested in Rent,,,,,,
968.0,731.0,2021-08-18,520.0,Moderately Interested in Purchase,,,,,,
969.0,559.0,2019-11-22,251.0,Requires Significant Changes or Renovations,,,,,,
970.0,464.0,2020-11-20,486.0,Requires Significant Changes or Renovations,,,,,,
971.0,936.0,2020-02-11,267.0,Moderately Interested in Purchase,,,,,,
972.0,167.0,2019-05-02,808.0,Waiting on External Factors,,,,,,
973.0,902.0,2019-02-03,319.0,Waiting on External Factors,,,,,,
974.0,421.0,2022-12-01,934.0,Interested but Needs More Information,,,,,,
975.0,649.0,2022-07-08,161.0,Requires Significant Changes or Renovations,,,,,,
976.0,145.0,2023-06-28,885.0,Highly Interested in Rent,,,,,,
977.0,743.0,2022-09-24,205.0,Requires Significant Changes or Renovations,,,,,,
978.0,959.0,2020-08-25,909.0,Moderately Interested in Rent,,,,,,
979.0,228.0,2020-01-31,655.0,Moderately Interested in Purchase,,,,,,
980.0,230.0,2020-09-03,677.0,Requires Significant Changes or Renovations,,,,,,
981.0,400.0,2021-07-09,818.0,Interested in a Different Type of Property,,,,,,
982.0,21.0,2019-12-26,750.0,Moderately Interested in Purchase,,,,,,
983.0,550.0,2020-01-07,26.0,Highly Interested in Rent,,,,,,
984.0,39.0,2023-08-19,928.0,Requires Significant Changes or Renovations,,,,,,
985.0,139.0,2021-05-13,431.0,Moderately Interested in Purchase,,,,,,
986.0,256.0,2023-05-12,796.0,Moderately Interested in Rent,,,,,,
987.0,924.0,2019-12-20,879.0,Interested but Price is a Concern,,,,,,
988.0,156.0,2019-03-19,159.0,Interested but Price is a Concern,,,,,,
989.0,713.0,2019-09-28,456.0,Waiting on External Factors,,,,,,
990.0,946.0,2022-01-07,383.0,Requires Significant Changes or Renovations,,,,,,
991.0,419.0,2021-04-15,619.0,Requires Significant Changes or Renovations,,,,,,
992.0,584.0,2020-03-22,216.0,Moderately Interested in Purchase,,,,,,
993.0,556.0,2021-07-25,281.0,Interested but Needs More Information,,,,,,
994.0,235.0,2020-05-11,517.0,Not Interested in Property,,,,,,
995.0,19.0,2021-11-10,720.0,Moderately Interested in Rent,,,,,,
996.0,801.0,2022-12-09,840.0,Interested but Price is a Concern,,,,,,
997.0,623.0,2021-04-13,495.0,Highly Interested in Purchase,,,,,,
998.0,697.0,2020-06-21,745.0,Not Interested in Property,,,,,,
999.0,874.0,2023-03-25,607.0,Moderately Interested in Purchase,,,,,,
1000.0,728.0,2022-05-11,443.0,Not Interested in Property,,,,,,
1001.0,1175.0,2025-02-11,1137.0,Not Interested in Property,,,,,,
1002.0,1099.0,2024-06-27,1178.0,Interested in a Different Type of Property,,,,,,
1003.0,1129.0,2024-08-12,1048.0,Moderately Interested in Purchase,,,,,,
1004.0,1024.0,2024-02-15,1029.0,Interested in a Different Type of Property,,,,,,
1005.0,1158.0,2024-05-14,1013.0,Waiting on External Factors,,,,,,
1006.0,1118.0,2024-08-20,1172.0,Waiting on External Factors,,,,,,
1007.0,1108.0,2024-08-30,1155.0,Waiting on External Factors,,,,,,
1008.0,1058.0,2024-03-15,1174.0,Waiting on External Factors,,,,,,
1009.0,1107.0,2024-12-15,1189.0,Interested in a Different Type of Property,,,,,,
1010.0,1109.0,2024-03-05,1030.0,Highly Interested in Rent,,,,,,
1011.0,1087.0,2024-07-23,1004.0,Interested but Price is a Concern,,,,,,
1012.0,1152.0,2024-05-04,1003.0,Highly Interested in Purchase,,,,,,
1013.0,1114.0,2024-03-27,1059.0,Interested in a Different Type of Property,,,,,,
1014.0,1167.0,2025-01-05,1125.0,Highly Interested in Purchase,,,,,,
1015.0,1124.0,2024-10-17,1180.0,Not Interested in Property,,,,,,
1016.0,1061.0,2024-03-30,1069.0,Not Interested in Property,,,,,,
1017.0,1034.0,2024-03-25,1088.0,Interested in a Different Type of Property,,,,,,
1018.0,1012.0,2024-08-23,1140.0,Highly Interested in Purchase,,,,,,
1019.0,1169.0,2024-01-28,1132.0,Requires Significant Changes or Renovations,,,,,,
1020.0,1031.0,2025-01-22,1017.0,Interested in a Different Type of Property,,,,,,
1021.0,1122.0,2024-04-28,1126.0,Interested but Needs More Information,,,,,,
1022.0,1133.0,2024-08-07,1109.0,Requires Significant Changes or Renovations,,,,,,
1023.0,1126.0,2024-01-25,1016.0,Requires Significant Changes or Renovations,,,,,,
1024.0,1018.0,2024-06-10,1150.0,Interested but Needs More Information,,,,,,
1025.0,1007.0,2024-06-15,1042.0,Requires Significant Changes or Renovations,,,,,,
1026.0,1151.0,2024-10-07,1119.0,Moderately Interested in Purchase,,,,,,
1027.0,1029.0,2024-02-19,1133.0,Waiting on External Factors,,,,,,
1028.0,1072.0,2024-02-27,1100.0,Waiting on External Factors,,,,,,
1029.0,1181.0,2024-06-20,1143.0,Waiting on External Factors,,,,,,
1030.0,1077.0,2024-06-02,1012.0,Interested in a Different Type of Property,,,,,,
1031.0,1005.0,2024-11-29,1098.0,Waiting on External Factors,,,,,,
1032.0,1170.0,2024-10-12,1187.0,Interested but Needs More Information,,,,,,
1033.0,1065.0,2024-10-13,1144.0,Moderately Interested in Purchase,,,,,,
1034.0,1176.0,2024-05-27,1084.0,Highly Interested in Rent,,,,,,
1035.0,1090.0,2024-11-19,1031.0,Not Interested in Property,,,,,,
1036.0,1165.0,2024-03-10,1195.0,Interested but Needs More Information,,,,,,
1037.0,1127.0,2024-06-08,1070.0,Highly Interested in Purchase,,,,,,
1038.0,1189.0,2024-06-16,1068.0,Moderately Interested in Purchase,,,,,,
1039.0,1111.0,2024-10-24,1152.0,Moderately Interested in Rent,,,,,,
1040.0,1155.0,2024-09-28,1141.0,Waiting on External Factors,,,,,,
1041.0,1050.0,2024-10-19,1123.0,Not Interested in Property,,,,,,
1042.0,1198.0,2024-06-18,1186.0,Waiting on External Factors,,,,,,
1043.0,1025.0,2024-07-15,1160.0,Highly Interested in Purchase,,,,,,
1044.0,1003.0,2024-04-01,1131.0,Interested in a Different Type of Property,,,,,,
1045.0,1161.0,2024-05-27,1091.0,Interested in a Different Type of Property,,,,,,
1046.0,1196.0,2024-02-26,1177.0,Highly Interested in Rent,,,,,,
1047.0,1063.0,2024-03-12,1106.0,Requires Significant Changes or Renovations,,,,,,
1048.0,1040.0,2024-05-10,1116.0,Waiting on External Factors,,,,,,
1049.0,1120.0,2024-07-30,1009.0,Moderately Interested in Rent,,,,,,
1050.0,1116.0,2025-01-12,1199.0,Interested but Price is a Concern,,,,,,
1051.0,1001.0,2024-06-03,1192.0,Interested but Price is a Concern,,,,,,
1052.0,1142.0,2024-01-28,1134.0,Not Interested in Property,,,,,,
1053.0,1187.0,2024-11-15,1151.0,Highly Interested in Rent,,,,,,
1054.0,1193.0,2024-10-15,1148.0,Interested but Needs More Information,,,,,,
1055.0,1043.0,2024-11-05,1078.0,Highly Interested in Rent,,,,,,
1056.0,1094.0,2024-04-19,1046.0,Moderately Interested in Rent,,,,,,
1057.0,1048.0,2024-02-05,1025.0,Moderately Interested in Rent,,,,,,
1058.0,1171.0,2024-02-19,1023.0,Highly Interested in Purchase,,,,,,
1059.0,1194.0,2025-01-05,1129.0,Requires Significant Changes or Renovations,,,,,,
1060.0,1135.0,2024-01-24,1194.0,Moderately Interested in Rent,,,,,,
1061.0,1082.0,2024-07-26,1138.0,Highly Interested in Rent,,,,,,
1062.0,1088.0,2024-09-29,1198.0,Highly Interested in Rent,,,,,,
1063.0,1086.0,2024-10-30,1103.0,Requires Significant Changes or Renovations,,,,,,
1064.0,1098.0,2024-12-20,1082.0,Interested in a Different Type of Property,,,,,,
1065.0,1143.0,2024-08-24,1063.0,Not Interested in Property,,,,,,
1066.0,1033.0,2024-04-22,1011.0,Waiting on External Factors,,,,,,
1067.0,1190.0,2024-09-15,1038.0,Interested in a Different Type of Property,,,,,,
1068.0,1147.0,2024-12-16,1040.0,Interested in a Different Type of Property,,,,,,
1069.0,1172.0,2024-05-28,1120.0,Interested but Needs More Information,,,,,,
1070.0,1064.0,2024-09-14,1060.0,Interested in a Different Type of Property,,,,,,
1071.0,1100.0,2024-10-10,1072.0,Moderately Interested in Rent,,,,,,
1072.0,1097.0,2024-12-13,1081.0,Moderately Interested in Purchase,,,,,,
1073.0,1177.0,2024-04-26,1118.0,Highly Interested in Rent,,,,,,
1074.0,1139.0,2024-05-08,1028.0,Moderately Interested in Rent,,,,,,
1075.0,1200.0,2025-02-21,1067.0,Interested but Needs More Information,,,,,,
1076.0,1110.0,2024-02-10,1175.0,Interested in a Different Type of Property,,,,,,
1077.0,1145.0,2025-01-01,1074.0,Not Interested in Property,,,,,,
1078.0,1026.0,2024-02-25,1176.0,Moderately Interested in Rent,,,,,,
1079.0,1192.0,2024-06-27,1104.0,Moderately Interested in Purchase,,,,,,
1080.0,1144.0,2024-06-06,1171.0,Waiting on External Factors,,,,,,
1081.0,1093.0,2024-03-18,1065.0,Moderately Interested in Purchase,,,,,,
1082.0,1056.0,2024-09-16,1170.0,Moderately Interested in Purchase,,,,,,
1083.0,1141.0,2024-06-23,1161.0,Moderately Interested in Rent,,,,,,
1084.0,1078.0,2024-02-15,1041.0,Interested but Price is a Concern,,,,,,
1085.0,1138.0,2024-12-23,1058.0,Highly Interested in Purchase,,,,,,
1086.0,1032.0,2024-01-24,1008.0,Not Interested in Property,,,,,,
1087.0,1089.0,2024-10-19,1086.0,Not Interested in Property,,,,,,
1088.0,1153.0,2024-12-29,1105.0,Highly Interested in Purchase,,,,,,
1089.0,1076.0,2024-12-15,1039.0,Requires Significant Changes or Renovations,,,,,,
1090.0,1149.0,2024-04-12,1090.0,Waiting on External Factors,,,,,,
1091.0,1162.0,2024-08-05,1169.0,Interested but Needs More Information,,,,,,
1092.0,1105.0,2024-03-07,1191.0,Not Interested in Property,,,,,,
1093.0,1049.0,2024-02-16,1092.0,Interested in a Different Type of Property,,,,,,
1094.0,1103.0,2024-03-31,1034.0,Not Interested in Property,,,,,,
1095.0,1178.0,2025-01-30,1112.0,Interested in a Different Type of Property,,,,,,
1096.0,1186.0,2024-06-10,1032.0,Waiting on External Factors,,,,,,
1097.0,1188.0,2024-05-11,1167.0,Interested in a Different Type of Property,,,,,,
1098.0,1154.0,2024-07-30,1162.0,Interested but Needs More Information,,,,,,
1099.0,1183.0,2024-02-03,1022.0,Highly Interested in Purchase,,,,,,
1100.0,1113.0,2024-02-01,1083.0,Moderately Interested in Rent,,,,,,
1101.0,1079.0,2024-09-16,1179.0,Highly Interested in Rent,,,,,,
1102.0,1066.0,2025-01-01,1024.0,Moderately Interested in Purchase,,,,,,
1103.0,1140.0,2024-09-01,1135.0,Highly Interested in Rent,,,,,,
1104.0,1006.0,2024-12-13,1108.0,Moderately Interested in Purchase,,,,,,
1105.0,1117.0,2024-10-30,1093.0,Moderately Interested in Rent,,,,,,
1106.0,1037.0,2025-01-04,1062.0,Highly Interested in Rent,,,,,,
1107.0,1191.0,2025-01-17,1188.0,Highly Interested in Rent,,,,,,
1108.0,1028.0,2024-02-05,1055.0,Moderately Interested in Purchase,,,,,,
1109.0,1115.0,2024-12-13,1005.0,Interested but Needs More Information,,,,,,
1110.0,1011.0,2024-02-11,1099.0,Moderately Interested in Purchase,,,,,,
1111.0,1008.0,2024-04-14,1047.0,Interested but Price is a Concern,,,,,,
1112.0,1081.0,2024-02-19,1124.0,Moderately Interested in Purchase,,,,,,
1113.0,1112.0,2024-02-06,1049.0,Moderately Interested in Purchase,,,,,,
1114.0,1027.0,2024-07-16,1110.0,Not Interested in Property,,,,,,
1115.0,1023.0,2025-02-17,1102.0,Interested but Needs More Information,,,,,,
1116.0,1052.0,2024-03-07,1073.0,Interested in a Different Type of Property,,,,,,
1117.0,1156.0,2024-06-05,1159.0,Interested but Needs More Information,,,,,,
1118.0,1039.0,2024-04-22,1001.0,Interested but Price is a Concern,,,,,,
1119.0,1053.0,2024-03-25,1043.0,Interested in a Different Type of Property,,,,,,
1120.0,1119.0,2024-07-26,1085.0,Waiting on External Factors,,,,,,
1121.0,1157.0,2024-02-17,1035.0,Requires Significant Changes or Renovations,,,,,,
1122.0,1136.0,2024-06-21,1076.0,Interested but Needs More Information,,,,,,
1123.0,1020.0,2024-03-31,1164.0,Interested but Needs More Information,,,,,,
1124.0,1047.0,2024-12-08,1010.0,Waiting on External Factors,,,,,,
1125.0,1038.0,2024-06-09,1045.0,Waiting on External Factors,,,,,,
1126.0,1179.0,2025-01-01,1121.0,Moderately Interested in Purchase,,,,,,
1127.0,1069.0,2024-11-06,1184.0,Highly Interested in Purchase,,,,,,
1128.0,1131.0,2024-08-14,1053.0,Highly Interested in Rent,,,,,,
1129.0,1055.0,2024-04-26,1026.0,Moderately Interested in Rent,,,,,,
1130.0,1128.0,2024-07-10,1061.0,Interested but Needs More Information,,,,,,
1131.0,1051.0,2025-01-21,1166.0,Interested but Needs More Information,,,,,,
1132.0,1030.0,2024-08-01,1153.0,Highly Interested in Rent,,,,,,
1133.0,1042.0,2024-08-07,1136.0,Interested in a Different Type of Property,,,,,,
1134.0,1070.0,2024-07-05,1197.0,Not Interested in Property,,,,,,
1135.0,1150.0,2024-02-22,1036.0,Waiting on External Factors,,,,,,
1136.0,1017.0,2024-04-24,1115.0,Interested in a Different Type of Property,,,,,,
1137.0,1015.0,2024-07-22,1157.0,Moderately Interested in Rent,,,,,,
1138.0,1057.0,2024-04-07,1122.0,Not Interested in Property,,,,,,
1139.0,1083.0,2024-08-24,1158.0,Moderately Interested in Purchase,,,,,,
1140.0,1123.0,2024-06-12,1044.0,Moderately Interested in Purchase,,,,,,
1141.0,1004.0,2024-12-12,1196.0,Interested but Needs More Information,,,,,,
1142.0,1125.0,2024-08-03,1075.0,Not Interested in Property,,,,,,
1143.0,1173.0,2024-08-07,1111.0,Waiting on External Factors,,,,,,
1144.0,1160.0,2024-07-16,1154.0,Moderately Interested in Purchase,,,,,,
1145.0,1182.0,2024-06-06,1193.0,Requires Significant Changes or Renovations,,,,,,
1146.0,1010.0,2025-01-09,1190.0,Interested but Price is a Concern,,,,,,
1147.0,1016.0,2024-11-26,1077.0,Interested but Needs More Information,,,,,,
1148.0,1163.0,2024-02-28,1146.0,Not Interested in Property,,,,,,
1149.0,1180.0,2024-11-21,1173.0,Requires Significant Changes or Renovations,,,,,,
1150.0,1013.0,2024-07-28,1066.0,Interested in a Different Type of Property,,,,,,
1151.0,1036.0,2024-11-26,1019.0,Interested but Needs More Information,,,,,,
1152.0,1102.0,2024-08-08,1114.0,Highly Interested in Rent,,,,,,
1153.0,1174.0,2024-10-05,1014.0,Interested but Price is a Concern,,,,,,
1154.0,1148.0,2024-04-26,1183.0,Interested but Price is a Concern,,,,,,
1155.0,1002.0,2024-08-26,1037.0,Highly Interested in Rent,,,,,,
1156.0,1184.0,2024-03-15,1128.0,Not Interested in Property,,,,,,
1157.0,1197.0,2024-12-18,1130.0,Highly Interested in Rent,,,,,,
1158.0,1075.0,2024-12-21,1149.0,Interested but Needs More Information,,,,,,
1159.0,1068.0,2024-09-29,1079.0,Interested in a Different Type of Property,,,,,,
1160.0,1199.0,2024-12-12,1020.0,Interested but Price is a Concern,,,,,,
1161.0,1067.0,2024-08-20,1015.0,Interested in a Different Type of Property,,,,,,
1162.0,1073.0,2024-11-14,1127.0,Highly Interested in Rent,,,,,,
1163.0,1096.0,2024-07-31,1145.0,Interested but Price is a Concern,,,,,,
1164.0,1062.0,2024-12-30,1200.0,Interested in a Different Type of Property,,,,,,
1165.0,1091.0,2025-01-20,1057.0,Not Interested in Property,,,,,,
1166.0,1134.0,2024-12-24,1139.0,Not Interested in Property,,,,,,
1167.0,1021.0,2024-12-05,1142.0,Highly Interested in Purchase,,,,,,
1168.0,1121.0,2024-05-15,1185.0,Moderately Interested in Rent,,,,,,
1169.0,1054.0,2024-03-09,1018.0,Waiting on External Factors,,,,,,
1170.0,1045.0,2024-09-27,1182.0,Requires Significant Changes or Renovations,,,,,,
1171.0,1059.0,2024-02-20,1117.0,Waiting on External Factors,,,,,,
1172.0,1044.0,2024-04-06,1165.0,Interested but Price is a Concern,,,,,,
1173.0,1164.0,2024-11-21,1050.0,Interested but Needs More Information,,,,,,
1174.0,1092.0,2024-05-08,1071.0,Moderately Interested in Purchase,,,,,,
1175.0,1159.0,2024-05-24,1056.0,Highly Interested in Rent,,,,,,
1176.0,1132.0,2024-02-05,1080.0,Interested in a Different Type of Property,,,,,,
1177.0,1137.0,2024-08-30,1181.0,Highly Interested in Rent,,,,,,
1178.0,1104.0,2024-12-30,1156.0,Highly Interested in Rent,,,,,,
1179.0,1166.0,2024-10-11,1021.0,Waiting on External Factors,,,,,,
1180.0,1006.0,2024-12-29,1051.0,Waiting on External Factors,,,,,,
1181.0,1134.0,2025-02-11,1147.0,Moderately Interested in Purchase,,,,,,
1182.0,1156.0,2024-06-23,1033.0,Interested but Needs More Information,,,,,,
1183.0,1151.0,2024-09-15,1015.0,Waiting on External Factors,,,,,,
1184.0,1148.0,2024-04-25,1040.0,Interested in a Different Type of Property,,,,,,
1185.0,1138.0,2025-01-02,1023.0,Interested but Price is a Concern,,,,,,
1186.0,1015.0,2024-07-18,1130.0,Not Interested in Property,,,,,,
1187.0,1080.0,2024-12-24,1074.0,Highly Interested in Rent,,,,,,
1188.0,1049.0,2024-03-06,1097.0,Interested but Needs More Information,,,,,,
1189.0,1198.0,2024-07-10,1005.0,Not Interested in Property,,,,,,
1190.0,1092.0,2024-05-22,1039.0,Interested but Needs More Information,,,,,,
1191.0,1055.0,2024-03-11,1137.0,Interested but Price is a Concern,,,,,,
1192.0,1048.0,2024-02-05,1153.0,Requires Significant Changes or Renovations,,,,,,
1193.0,1154.0,2024-06-23,1164.0,Highly Interested in Purchase,,,,,,
1194.0,1175.0,2025-02-07,1033.0,Highly Interested in Purchase,,,,,,
1195.0,1168.0,2024-11-05,1179.0,Not Interested in Property,,,,,,
1196.0,1172.0,2024-06-05,1107.0,Interested but Price is a Concern,,,,,,
1197.0,1162.0,2024-08-20,1124.0,Waiting on External Factors,,,,,,
1198.0,1141.0,2024-05-29,1197.0,Highly Interested in Rent,,,,,,
1199.0,1108.0,2024-07-25,1190.0,Highly Interested in Purchase,,,,,,
1200.0,1034.0,2024-03-16,1119.0,Highly Interested in Purchase,,,,,,
,,,,,2.0,2.0,8/19/2016,2.0,error: undefined method `first' for nil:NilClass,
,,,,,3.0,3.0,8/10/2022,3.0,error: undefined method `first' for nil:NilClass,
,,,,,4.0,4.0,7/2/2018,4.0,error: undefined method `first' for nil:NilClass,
,,,,,5.0,5.0,5/11/2015,5.0,error: undefined method `first' for nil:NilClass,
,,,,,6.0,6.0,9/29/2024,6.0,error: undefined method `first' for nil:NilClass,
,,,,,7.0,7.0,9/11/2018,7.0,error: undefined method `first' for nil:NilClass,
,,,,,8.0,8.0,3/21/2015,8.0,error: undefined method `first' for nil:NilClass,
,,,,,9.0,9.0,3/26/2021,9.0,error: undefined method `first' for nil:NilClass,
,,,,,10.0,10.0,6/20/2024,10.0,error: undefined method `first' for nil:NilClass,
,,,,,2.0,2.0,,2.0,error: undefined method `first' for nil:NilClass,4/9/2018
,,,,,3.0,3.0,,3.0,error: undefined method `first' for nil:NilClass,5/19/2023
,,,,,4.0,4.0,,4.0,error: undefined method `first' for nil:NilClass,11/20/2023
,,,,,5.0,5.0,,5.0,error: undefined method `first' for nil:NilClass,4/28/2018
,,,,,6.0,6.0,,6.0,error: undefined method `first' for nil:NilClass,6/19/2025
,,,,,7.0,7.0,,7.0,error: undefined method `first' for nil:NilClass,3/2/2019
,,,,,8.0,8.0,,8.0,error: undefined method `first' for nil:NilClass,3/21/2017
,,,,,9.0,9.0,,9.0,error: undefined method `first' for nil:NilClass,6/3/2015
,,,,,10.0,10.0,,10.0,error: undefined method `first' for nil:NilClass,4/14/2015
